accession,tot_UTRs,tot_seq,num_of_tag_coding,num_of_tga_coding,num_of_taa_coding,total_number_of_ASC_coding,frequency_tag_coding,frequency_tga_coding,frequency_taa_coding,frequency_ASC_coding
CP003350,3288,59184,56,270,53,379,0.0028,0.0137,0.0027,0.0192
CP001678,3201,57618,176,319,387,882,0.0092,0.0166,0.0201,0.0459
CP006914,919,16542,82,88,164,334,0.0149,0.016,0.0297,0.0606
CP003096,1944,34992,128,171,218,517,0.011,0.0147,0.0187,0.0443
CP000655,2132,38376,187,219,334,740,0.0146,0.0171,0.0261,0.0578
FP929048,2118,38124,150,141,612,903,0.0118,0.0111,0.0482,0.0711
CP000481,2214,39852,38,126,19,183,0.0029,0.0095,0.0014,0.0138
CP002453,4347,78246,422,367,1129,1918,0.0162,0.0141,0.0433,0.0735
CP007201,3301,59418,225,322,492,1039,0.0114,0.0163,0.0248,0.0525
AP012200,1773,31914,160,156,404,720,0.015,0.0147,0.038,0.0677
CP001785,2210,39780,86,90,109,285,0.0065,0.0068,0.0082,0.0215
CP007128,4567,82206,90,211,49,350,0.0033,0.0077,0.0018,0.0128
CP000747,3579,64422,111,197,40,348,0.0052,0.0092,0.0019,0.0162
CP002280,2282,41076,149,216,165,530,0.0109,0.0158,0.0121,0.0387
CP001013,4445,80010,58,335,33,426,0.0022,0.0126,0.0012,0.016
HE983995,841,15138,98,75,187,360,0.0194,0.0149,0.0371,0.0713
CP000252,3219,57942,75,383,272,730,0.0039,0.0198,0.0141,0.0378
CP006955,2448,44064,196,253,429,878,0.0133,0.0172,0.0292,0.0598
CP000478,4162,74916,57,320,78,455,0.0023,0.0128,0.0031,0.0182
CP001843,3683,66294,223,310,455,988,0.0101,0.014,0.0206,0.0447
CP002629,3023,54414,156,295,288,739,0.0086,0.0163,0.0159,0.0407
CP001681,4339,78102,323,442,1038,1803,0.0124,0.017,0.0399,0.0693
AP012304,4531,81558,85,367,80,532,0.0031,0.0135,0.0029,0.0196
CP003346,4684,84312,380,535,824,1739,0.0135,0.019,0.0293,0.0619
CP002042,3251,58518,197,201,144,542,0.0101,0.0103,0.0074,0.0278
CP003203,4337,78066,185,356,125,666,0.0071,0.0137,0.0048,0.0256
CP003653,4544,81792,437,522,1209,2168,0.016,0.0191,0.0443,0.0795
CR767821,920,16560,64,76,280,420,0.0116,0.0138,0.0507,0.0761
CP002691,6609,118962,473,925,820,2218,0.0119,0.0233,0.0207,0.0559
CP001814,9478,170604,180,561,97,838,0.0032,0.0099,0.0017,0.0147
CP006778,768,13824,53,0,194,247,0.0115,0,0.0421,0.0536
AP012492,2321,41778,198,215,339,752,0.0142,0.0154,0.0243,0.054
CP011052,4351,78318,312,411,465,1188,0.012,0.0157,0.0178,0.0455
AE015928,4873,87714,378,511,1009,1898,0.0129,0.0175,0.0345,0.0649
CP002039,4804,86472,133,451,127,711,0.0046,0.0156,0.0044,0.0247
CP000141,2707,48726,114,181,488,783,0.007,0.0111,0.03,0.0482
CP000792,2048,36864,192,183,490,865,0.0156,0.0149,0.0399,0.0704
AP010968,7569,136242,80,315,31,426,0.0018,0.0069,0.0007,0.0094
AP008230,5060,91080,243,438,595,1276,0.008,0.0144,0.0196,0.042
CP000116,2879,51822,80,199,43,322,0.0046,0.0115,0.0025,0.0186
CP004856,3189,57402,172,320,284,776,0.009,0.0167,0.0148,0.0406
CP001707,2697,48546,230,305,491,1026,0.0142,0.0188,0.0303,0.0634
CP001992,1966,35388,96,163,131,390,0.0081,0.0138,0.0111,0.0331
CP002347,2117,38106,138,206,416,760,0.0109,0.0162,0.0328,0.0598
FQ312005,3249,58482,325,334,700,1359,0.0167,0.0171,0.0359,0.0697
CP010803,4495,80910,72,346,99,517,0.0027,0.0128,0.0037,0.0192
CP000383,3837,69066,327,387,906,1620,0.0142,0.0168,0.0394,0.0704
CP007446,2370,42660,134,241,482,857,0.0094,0.0169,0.0339,0.0603
CP000679,2844,51192,172,302,478,952,0.0101,0.0177,0.028,0.0558
CP002701,614,11052,42,48,170,260,0.0114,0.013,0.0461,0.0706
CP001087,4945,89010,158,500,561,1219,0.0053,0.0169,0.0189,0.0411
CP000157,3056,55008,86,172,84,342,0.0047,0.0094,0.0046,0.0187
CP003281,3879,69822,307,506,838,1651,0.0132,0.0217,0.036,0.0709
CP001896,3190,57420,59,278,38,375,0.0031,0.0145,0.002,0.0196
CP006650,3481,62658,69,271,71,411,0.0033,0.013,0.0034,0.0197
CP003147,5162,92916,259,466,400,1125,0.0084,0.015,0.0129,0.0363
CP005990,1912,34416,50,197,53,300,0.0044,0.0172,0.0046,0.0262
AL935263,3058,55044,208,372,571,1151,0.0113,0.0203,0.0311,0.0627
CP003130,4960,89280,295,428,218,941,0.0099,0.0144,0.0073,0.0316
CP003075,3937,70866,94,268,130,492,0.004,0.0113,0.0055,0.0208
AP009552,6311,113598,575,667,1039,2281,0.0152,0.0176,0.0274,0.0602
CP009301,2938,52884,349,278,678,1305,0.0198,0.0158,0.0385,0.074
AM260525,2136,38448,105,195,350,650,0.0082,0.0152,0.0273,0.0507
CP001674,2887,51966,152,321,250,723,0.0088,0.0185,0.0144,0.0417
CP009706,4300,77400,267,462,501,1230,0.0103,0.0179,0.0194,0.0477
HF951689,2876,51768,190,170,182,542,0.011,0.0099,0.0105,0.0314
CP003171,3320,59760,84,367,214,665,0.0042,0.0184,0.0107,0.0334
CP008802,1508,27144,87,90,58,235,0.0096,0.0099,0.0064,0.026
CP011265,3050,54900,120,219,179,518,0.0066,0.012,0.0098,0.0283
CP000927,5133,92394,131,372,91,594,0.0043,0.0121,0.003,0.0193
CP001818,1828,32904,68,131,77,276,0.0062,0.0119,0.007,0.0252
CP000264,4260,76680,98,326,78,502,0.0038,0.0128,0.0031,0.0196
CP009415,1857,33426,149,177,389,715,0.0134,0.0159,0.0349,0.0642
CP001619,5855,105390,379,769,795,1943,0.0108,0.0219,0.0226,0.0553
CP001834,2624,47232,182,275,534,991,0.0116,0.0175,0.0339,0.0629
CP007519,2082,37476,127,155,93,375,0.0102,0.0124,0.0074,0.03
CP002432,2669,48042,67,281,100,448,0.0042,0.0175,0.0062,0.028
CP002961,4029,72522,424,576,948,1948,0.0175,0.0238,0.0392,0.0806
CP003389,8101,145818,162,461,62,685,0.0033,0.0095,0.0013,0.0141
CP009291,3550,63900,86,226,86,398,0.004,0.0106,0.004,0.0187
CP000360,4831,86958,224,378,180,782,0.0077,0.013,0.0062,0.027
CP010049,642,11556,55,49,190,294,0.0143,0.0127,0.0493,0.0763
CP002131,2348,42264,126,185,315,626,0.0089,0.0131,0.0224,0.0444
CP001875,4349,78282,149,481,425,1055,0.0057,0.0184,0.0163,0.0404
AP009179,2466,44388,165,252,362,779,0.0112,0.017,0.0245,0.0526
AP009178,1857,33426,127,197,189,513,0.0114,0.0177,0.017,0.046
CP000859,3323,59814,80,282,225,587,0.004,0.0141,0.0113,0.0294
CP001032,4705,84690,144,341,73,558,0.0051,0.0121,0.0026,0.0198
CP001874,3662,65916,66,182,33,281,0.003,0.0083,0.0015,0.0128
CP002976,3612,65016,103,295,91,489,0.0048,0.0136,0.0042,0.0226
AP012333,1599,28782,65,158,68,291,0.0068,0.0165,0.0071,0.0303
CP002999,3525,63450,295,359,689,1343,0.0139,0.017,0.0326,0.0635
CP001966,4300,77400,96,294,36,426,0.0037,0.0114,0.0014,0.0165
CP003058,2472,44496,109,254,184,547,0.0073,0.0171,0.0124,0.0369
CP001823,2517,45306,48,135,19,202,0.0032,0.0089,0.0013,0.0134
CP002825,3027,54486,318,214,1039,1571,0.0175,0.0118,0.0572,0.0865
CP006866,3332,59976,150,319,243,712,0.0075,0.016,0.0122,0.0356
CP000232,2581,46458,123,152,272,547,0.0079,0.0098,0.0176,0.0353
CP000377,3076,55368,83,308,74,465,0.0045,0.0167,0.004,0.0252
CP001618,4278,77004,61,151,10,222,0.0024,0.0059,0.0004,0.0086
CP002171,2831,50958,138,232,532,902,0.0081,0.0137,0.0313,0.0531
CP002521,4851,87318,67,219,51,337,0.0023,0.0075,0.0018,0.0116
CP005964,2717,48906,162,295,442,899,0.0099,0.0181,0.0271,0.0551
HE804045,8427,151686,162,380,49,591,0.0032,0.0075,0.001,0.0117
CP001726,3184,57312,66,144,64,274,0.0035,0.0075,0.0034,0.0143
FR872580,2788,50184,190,291,439,920,0.0114,0.0174,0.0262,0.055
CP000422,1847,33246,136,177,412,725,0.0123,0.016,0.0372,0.0654
CP001819,3800,68400,58,192,10,260,0.0025,0.0084,0.0004,0.0114
CP008803,2903,52254,71,279,116,466,0.0041,0.016,0.0067,0.0268
CP006958,6146,110628,144,397,106,647,0.0039,0.0108,0.0029,0.0175
CP002018,2733,49194,65,208,90,363,0.004,0.0127,0.0055,0.0221
CP001634,2224,40032,109,199,253,561,0.0082,0.0149,0.019,0.042
CP000875,5059,91062,326,563,411,1300,0.0107,0.0185,0.0135,0.0428
FP929045,2756,49608,68,237,168,473,0.0041,0.0143,0.0102,0.0286
CP000930,3138,56484,99,248,149,496,0.0053,0.0132,0.0079,0.0263
FM178379,3069,55242,251,387,668,1306,0.0136,0.021,0.0363,0.0709
CP006734,2519,45342,55,133,32,220,0.0036,0.0088,0.0021,0.0146
AP009380,2090,37620,133,183,202,518,0.0106,0.0146,0.0161,0.0413
AP012554,825,14850,80,84,248,412,0.0162,0.017,0.0501,0.0832
AE017282,3057,55026,69,224,58,351,0.0038,0.0122,0.0032,0.0191
CP000910,3558,64044,218,304,163,685,0.0102,0.0142,0.0076,0.0321
CP006597,3160,56880,215,235,459,909,0.0113,0.0124,0.0242,0.0479
CP003280,3242,58356,271,351,762,1384,0.0139,0.018,0.0392,0.0711
CP007447,3064,55152,189,356,707,1252,0.0103,0.0194,0.0385,0.0681
CP007152,4462,80316,117,370,177,664,0.0044,0.0138,0.0066,0.0248
CP000414,2073,37314,168,195,382,745,0.0135,0.0157,0.0307,0.0599
CP006939,3500,63000,142,350,219,711,0.0068,0.0167,0.0104,0.0339
BA000026,1037,18666,100,0,394,494,0.0161,0,0.0633,0.0794
FP929032,2559,46062,100,246,258,604,0.0065,0.016,0.0168,0.0393
CP007451,4155,74790,289,448,861,1598,0.0116,0.018,0.0345,0.0641
CP003557,2902,52236,124,267,585,976,0.0071,0.0153,0.0336,0.0561
CP001643,3191,57438,18,143,4,165,0.0009,0.0075,0.0002,0.0086
CP001706,2638,47484,75,241,51,367,0.0047,0.0152,0.0032,0.0232
AP012057,4291,77238,57,258,21,336,0.0022,0.01,0.0008,0.0131
AP007255,4559,82062,100,365,92,557,0.0037,0.0133,0.0034,0.0204
CP002038,4687,84366,176,521,429,1126,0.0063,0.0185,0.0153,0.04
AP006628,752,13536,29,69,230,328,0.0064,0.0153,0.051,0.0727
CP001614,4311,77598,302,344,479,1125,0.0117,0.0133,0.0185,0.0435
HG530068,7279,131022,177,467,114,758,0.0041,0.0107,0.0026,0.0174
CP011301,5750,103500,84,379,72,535,0.0024,0.011,0.0021,0.0155
CP000510,3861,69498,271,336,804,1411,0.0117,0.0145,0.0347,0.0609
CP000140,3965,71370,342,427,789,1558,0.0144,0.0179,0.0332,0.0655
CP002690,1910,34380,114,174,473,761,0.0099,0.0152,0.0413,0.0664
CP008788,5734,103212,227,576,556,1359,0.0066,0.0167,0.0162,0.0395
AP011529,2134,38412,162,227,529,918,0.0127,0.0177,0.0413,0.0717
CP002106,1841,33138,56,118,20,194,0.0051,0.0107,0.0018,0.0176
CP000750,4576,82368,49,158,8,215,0.0018,0.0058,0.0003,0.0078
LN614827,64,1152,2,0,3,5,0.0052,0,0.0078,0.013
AP012978,2404,43272,41,147,31,219,0.0028,0.0102,0.0021,0.0152
CP002628,1858,33444,33,148,31,212,0.003,0.0133,0.0028,0.019
CP000245,3927,70686,78,224,34,336,0.0033,0.0095,0.0014,0.0143
CP003255,3956,71208,50,259,90,399,0.0021,0.0109,0.0038,0.0168
CP002444,1787,32166,135,141,194,470,0.0126,0.0132,0.0181,0.0438
CP000316,4956,89208,140,468,179,787,0.0047,0.0157,0.006,0.0265
CP001854,6001,108018,161,286,33,480,0.0045,0.0079,0.0009,0.0133
CP002281,1976,35568,138,186,402,726,0.0116,0.0157,0.0339,0.0612
AP010953,5609,100962,227,652,677,1556,0.0067,0.0194,0.0201,0.0462
CP000879,2015,36270,123,184,371,678,0.0102,0.0152,0.0307,0.0561
AP013105,2281,41058,70,126,64,260,0.0051,0.0092,0.0047,0.019
CP002452,2175,39150,89,242,153,484,0.0068,0.0185,0.0117,0.0371
CP002901,3837,69066,150,243,199,592,0.0065,0.0106,0.0086,0.0257
CP001100,2782,50076,140,321,358,819,0.0084,0.0192,0.0214,0.0491
AP010904,4629,83322,105,245,167,517,0.0038,0.0088,0.006,0.0186
FO538765,3807,68526,118,257,108,483,0.0052,0.0113,0.0047,0.0211
CP007030,2126,38268,196,209,346,751,0.0154,0.0164,0.0271,0.0589
CP001737,5471,98478,74,340,27,441,0.0023,0.0104,0.0008,0.0134
AP009153,3935,70830,106,331,47,484,0.0045,0.014,0.002,0.0205
HE999757,3581,64458,309,342,676,1327,0.0144,0.0159,0.0315,0.0618
CP006949,1637,29466,113,127,240,480,0.0115,0.0129,0.0244,0.0489
AP014624,4828,86904,346,579,1199,2124,0.0119,0.02,0.0414,0.0733
CP001275,1972,35496,27,86,12,125,0.0023,0.0073,0.001,0.0106
CP004348,2152,38736,179,264,305,748,0.0139,0.0204,0.0236,0.0579
CP002273,4660,83880,142,399,675,1216,0.0051,0.0143,0.0241,0.0435
CP002623,4428,79704,121,411,187,719,0.0046,0.0155,0.007,0.0271
BX908798,2031,36558,160,226,507,893,0.0131,0.0185,0.0416,0.0733
CP003198,2109,37962,107,156,293,556,0.0085,0.0123,0.0232,0.0439
CP008804,1786,32148,96,234,355,685,0.009,0.0218,0.0331,0.0639
CP002859,5698,102564,429,747,923,2099,0.0125,0.0218,0.027,0.0614
FP929054,3155,56790,163,382,495,1040,0.0086,0.0202,0.0261,0.0549
CP002361,2301,41418,85,113,43,241,0.0062,0.0082,0.0031,0.0175
CP003989,3880,69840,76,203,40,319,0.0033,0.0087,0.0017,0.0137
CP006772,2356,42408,158,264,507,929,0.0112,0.0187,0.0359,0.0657
AP012027,1704,30672,90,168,306,564,0.0088,0.0164,0.0299,0.0552
CP002224,2869,51642,62,228,100,390,0.0036,0.0132,0.0058,0.0227
CP001721,1422,25596,97,121,176,394,0.0114,0.0142,0.0206,0.0462
CP002048,2440,43920,122,217,173,512,0.0083,0.0148,0.0118,0.035
CP003659,5701,102618,563,600,1024,2187,0.0165,0.0175,0.0299,0.0639
CP000976,858,15444,59,79,237,375,0.0115,0.0153,0.046,0.0728
CP010327,3791,68238,394,331,1116,1841,0.0173,0.0146,0.0491,0.0809
CP002930,3779,68022,212,438,339,989,0.0093,0.0193,0.015,0.0436
CP003788,5608,100944,79,273,36,388,0.0023,0.0081,0.0011,0.0115
CP010848,2118,38124,41,108,38,187,0.0032,0.0085,0.003,0.0147
LK028559,1471,26478,93,165,335,593,0.0105,0.0187,0.038,0.0672
AP008955,5949,107082,318,584,437,1339,0.0089,0.0164,0.0122,0.0375
CP001998,3192,57456,257,395,220,872,0.0134,0.0206,0.0115,0.0455
CP003360,5639,101502,209,545,305,1059,0.0062,0.0161,0.009,0.0313
CP002422,2094,37692,68,226,158,452,0.0054,0.018,0.0126,0.036
AP012334,1497,26946,97,148,137,382,0.0108,0.0165,0.0153,0.0425
CP004372,3588,64584,48,227,35,310,0.0022,0.0105,0.0016,0.0144
AP014521,614,11052,35,44,232,311,0.0095,0.0119,0.063,0.0844
CP003264,1610,28980,148,166,359,673,0.0153,0.0172,0.0372,0.0697
CP000448,2642,47556,168,210,380,758,0.0106,0.0132,0.024,0.0478
CP002547,3439,61902,111,357,342,810,0.0054,0.0173,0.0166,0.0393
CP001804,6952,125136,159,313,86,558,0.0038,0.0075,0.0021,0.0134
CP001279,1794,32292,97,164,395,656,0.009,0.0152,0.0367,0.0609
CP001629,3568,64224,82,308,157,547,0.0038,0.0144,0.0073,0.0256
CP002455,2181,39258,193,165,454,812,0.0147,0.0126,0.0347,0.0621
CP000038,4553,81954,268,453,462,1183,0.0098,0.0166,0.0169,0.0433
CP010311,3287,59166,54,294,138,486,0.0027,0.0149,0.007,0.0246
CP001280,3978,71604,101,268,97,466,0.0042,0.0112,0.0041,0.0195
CP011280,1298,23364,111,96,265,472,0.0143,0.0123,0.034,0.0606
CP002156,2737,49266,93,216,79,388,0.0057,0.0132,0.0048,0.0236
CP001146,1973,35514,145,211,426,782,0.0122,0.0178,0.036,0.0661
HF563609,2748,49464,175,263,552,990,0.0106,0.016,0.0335,0.06
FP475956,3685,66330,89,310,72,471,0.004,0.014,0.0033,0.0213
FQ859181,4969,89442,150,395,170,715,0.005,0.0132,0.0057,0.024
CP003985,3560,64080,206,401,413,1020,0.0096,0.0188,0.0193,0.0478
AM743169,4430,79740,90,276,59,425,0.0034,0.0104,0.0022,0.016
CP002382,2476,44568,70,221,201,492,0.0047,0.0149,0.0135,0.0331
CP006569,4097,73746,172,370,343,885,0.007,0.0151,0.014,0.036
CP007051,1909,34362,153,142,391,686,0.0134,0.0124,0.0341,0.0599
CP001185,2043,36774,127,190,395,712,0.0104,0.0155,0.0322,0.0581
AP012050,2411,43398,193,287,495,975,0.0133,0.0198,0.0342,0.0674
CP009761,1531,27558,99,122,359,580,0.0108,0.0133,0.0391,0.0631
CP006617,1302,23436,126,103,188,417,0.0161,0.0132,0.0241,0.0534
CP003415,4804,86472,259,530,560,1349,0.009,0.0184,0.0194,0.0468
CP000393,5124,92232,575,473,1045,2093,0.0187,0.0154,0.034,0.0681
CP003946,4654,83772,316,446,538,1300,0.0113,0.016,0.0193,0.0466
AP014583,3527,63486,365,386,1058,1809,0.0172,0.0182,0.05,0.0855
FM162591,4373,78714,310,530,803,1643,0.0118,0.0202,0.0306,0.0626
CP000686,4682,84276,121,456,105,682,0.0043,0.0162,0.0037,0.0243
CP002584,5340,96120,483,508,1143,2134,0.0151,0.0159,0.0357,0.0666
AP012338,3203,57654,63,76,22,161,0.0033,0.004,0.0011,0.0084
AP012292,2826,50868,147,272,297,716,0.0087,0.016,0.0175,0.0422
CP003403,4541,81738,132,570,475,1177,0.0048,0.0209,0.0174,0.0432
CP003546,963,17334,73,96,116,285,0.0126,0.0166,0.0201,0.0493
CP007155,8878,159804,178,571,60,809,0.0033,0.0107,0.0011,0.0152
CP002479,4600,82800,176,366,236,778,0.0064,0.0133,0.0086,0.0282
FP929062,2993,53874,119,320,284,723,0.0066,0.0178,0.0158,0.0403
AP012046,2555,45990,171,235,489,895,0.0112,0.0153,0.0319,0.0584
CP000628,3852,69336,137,321,129,587,0.0059,0.0139,0.0056,0.0254
CP005996,2571,46278,217,249,570,1036,0.0141,0.0161,0.037,0.0672
CP005094,5213,93834,132,312,85,529,0.0042,0.01,0.0027,0.0169
CP002028,3082,55476,142,254,369,765,0.0077,0.0137,0.02,0.0414
AP011112,1894,34092,151,167,344,662,0.0133,0.0147,0.0303,0.0583
CP001080,1829,32922,124,165,411,700,0.0113,0.015,0.0375,0.0638
CP010557,5075,91350,221,493,460,1174,0.0073,0.0162,0.0151,0.0386
HF571988,4350,78300,301,548,635,1484,0.0115,0.021,0.0243,0.0569
CP001429,622,11196,29,53,148,230,0.0078,0.0142,0.0397,0.0616
CP003947,3539,63702,332,423,885,1640,0.0156,0.0199,0.0417,0.0772
CP000238,651,11718,89,59,191,339,0.0228,0.0151,0.0489,0.0868
CP007142,6007,108126,266,818,610,1694,0.0074,0.0227,0.0169,0.047
CP001096,5383,96894,108,410,78,596,0.0033,0.0127,0.0024,0.0185
CP002593,6750,121500,90,289,22,401,0.0022,0.0071,0.0005,0.0099
CP003382,3824,68832,82,326,82,490,0.0036,0.0142,0.0036,0.0214
CP001700,9128,164304,212,638,95,945,0.0039,0.0116,0.0017,0.0173
CP000812,2110,37980,88,295,218,601,0.007,0.0233,0.0172,0.0475
CP002985,3336,60048,122,254,161,537,0.0061,0.0127,0.008,0.0268
CP010812,3729,67122,223,435,424,1082,0.01,0.0194,0.019,0.0484
CP001184,692,12456,40,0,243,283,0.0096,0,0.0585,0.0682
FO117623,4844,87192,77,180,13,270,0.0026,0.0062,0.0004,0.0093
AP012051,1582,28476,105,132,340,577,0.0111,0.0139,0.0358,0.0608
CP006704,5741,103338,223,606,154,983,0.0065,0.0176,0.0045,0.0285
CP003156,3563,64134,342,393,677,1412,0.016,0.0184,0.0317,0.066
CP006587,4180,75240,355,363,265,983,0.0142,0.0145,0.0106,0.0392
CP000453,2940,52920,56,219,66,341,0.0032,0.0124,0.0037,0.0193
AP012495,7270,130860,421,767,922,2110,0.0097,0.0176,0.0211,0.0484
CP001110,2979,53622,94,316,284,694,0.0053,0.0177,0.0159,0.0388
CP003984,3092,55656,143,282,201,626,0.0077,0.0152,0.0108,0.0337
CP001055,1599,28782,70,104,453,627,0.0073,0.0108,0.0472,0.0654
CP003592,3703,66654,407,414,717,1538,0.0183,0.0186,0.0323,0.0692
CP001686,2694,48492,26,143,7,176,0.0016,0.0088,0.0004,0.0109
CP002045,1885,33930,120,141,122,383,0.0106,0.0125,0.0108,0.0339
CP003879,3950,71100,347,358,907,1612,0.0146,0.0151,0.0383,0.068
CP007139,4870,87660,305,336,231,872,0.0104,0.0115,0.0079,0.0298
CP001147,2089,37602,151,213,452,816,0.012,0.017,0.0361,0.0651
CP004345,3624,65232,78,459,497,1034,0.0036,0.0211,0.0229,0.0476
CP000613,4102,73836,44,189,20,253,0.0018,0.0077,0.0008,0.0103
CP001281,4066,73188,55,229,34,318,0.0023,0.0094,0.0014,0.013
CP003746,3887,69966,146,372,260,778,0.0063,0.016,0.0111,0.0334
CP004083,4363,78534,275,525,543,1343,0.0105,0.0201,0.0207,0.0513
CP002157,3459,62262,298,386,809,1493,0.0144,0.0186,0.039,0.0719
CP010310,5020,90360,79,337,69,485,0.0026,0.0112,0.0023,0.0161
CP002287,6532,117576,200,441,138,779,0.0051,0.0113,0.0035,0.0199
CU207366,3584,64512,345,378,936,1659,0.016,0.0176,0.0435,0.0771
CP002638,6013,108234,88,317,48,453,0.0024,0.0088,0.0013,0.0126
CP003183,2726,49068,57,303,112,472,0.0035,0.0185,0.0068,0.0289
AP012342,2421,43578,55,280,116,451,0.0038,0.0193,0.008,0.031
CP001628,2345,42210,27,99,3,129,0.0019,0.007,0.0002,0.0092
CP002395,2409,43362,87,228,140,455,0.006,0.0158,0.0097,0.0315
CP001940,2733,49194,75,221,233,529,0.0046,0.0135,0.0142,0.0323
CP000828,6396,115128,520,760,685,1965,0.0136,0.0198,0.0178,0.0512
CP002116,4363,78534,212,418,351,981,0.0081,0.016,0.0134,0.0375
CP002546,4865,87570,133,450,168,751,0.0046,0.0154,0.0058,0.0257
CP003642,6238,112284,577,647,966,2190,0.0154,0.0173,0.0258,0.0585
CP000449,3133,56394,63,256,60,379,0.0034,0.0136,0.0032,0.0202
AP013066,2982,53676,131,332,261,724,0.0073,0.0186,0.0146,0.0405
AP009484,1959,35262,148,242,413,803,0.0126,0.0206,0.0351,0.0683
CP001034,3000,54000,249,287,608,1144,0.0138,0.0159,0.0338,0.0636
AM999887,1384,24912,130,119,355,604,0.0157,0.0143,0.0428,0.0727
FP929038,2985,53730,180,421,401,1002,0.0101,0.0235,0.0224,0.0559
CP002835,4046,72828,146,370,344,860,0.006,0.0152,0.0142,0.0354
CP000388,4392,79056,359,484,687,1530,0.0136,0.0184,0.0261,0.0581
CP001825,1937,34866,181,158,225,564,0.0156,0.0136,0.0194,0.0485
AP014648,3342,60156,134,228,93,455,0.0067,0.0114,0.0046,0.0227
CP002209,3947,71046,130,378,210,718,0.0055,0.016,0.0089,0.0303
CP003418,3245,58410,177,427,812,1416,0.0091,0.0219,0.0417,0.0727
CP001560,4017,72306,149,393,407,949,0.0062,0.0163,0.0169,0.0394
CP001130,1694,30492,148,108,373,629,0.0146,0.0106,0.0367,0.0619
CP001999,3220,57960,278,271,882,1431,0.0144,0.014,0.0457,0.0741
CP002198,5664,101952,563,620,1138,2321,0.0166,0.0182,0.0335,0.0683
CP003273,4755,85590,214,327,757,1298,0.0075,0.0115,0.0265,0.0455
CP003789,1433,25794,93,145,345,583,0.0108,0.0169,0.0401,0.0678
CP002874,2923,52614,189,218,1134,1541,0.0108,0.0124,0.0647,0.0879
CP000849,1511,27198,128,128,449,705,0.0141,0.0141,0.0495,0.0778
CP001472,3497,62946,90,266,103,459,0.0043,0.0127,0.0049,0.0219
CP002049,3046,54828,177,145,88,410,0.0097,0.0079,0.0048,0.0224
CP002360,3033,54594,165,237,415,817,0.0091,0.013,0.0228,0.0449
CP006773,4189,75402,106,318,87,511,0.0042,0.0127,0.0035,0.0203
CP002858,2399,43182,112,255,460,827,0.0078,0.0177,0.032,0.0575
CP001798,4015,72270,283,358,425,1066,0.0117,0.0149,0.0176,0.0443
CP001632,2255,40590,275,228,583,1086,0.0203,0.0169,0.0431,0.0803
AP014633,3964,71352,357,429,801,1587,0.015,0.018,0.0337,0.0667
CP000473,8002,144036,384,654,332,1370,0.008,0.0136,0.0069,0.0285
CP004349,2676,48168,254,242,779,1275,0.0158,0.0151,0.0485,0.0794
CP001848,4825,86850,231,341,160,732,0.008,0.0118,0.0055,0.0253
AP009152,2356,42408,28,113,10,151,0.002,0.008,0.0007,0.0107
CP003926,3543,63774,110,357,156,623,0.0052,0.0168,0.0073,0.0293
CP001736,7149,128682,123,378,34,535,0.0029,0.0088,0.0008,0.0125
CP000961,5096,91728,464,527,988,1979,0.0152,0.0172,0.0323,0.0647
CP001673,2582,46476,137,274,619,1030,0.0088,0.0177,0.04,0.0665
FP565814,3086,55548,89,193,36,318,0.0048,0.0104,0.0019,0.0172
CP007031,3333,59994,59,235,29,323,0.003,0.0118,0.0015,0.0162
CP002663,3754,67572,182,350,248,780,0.0081,0.0155,0.011,0.0346
CP003422,7578,136404,247,569,391,1207,0.0054,0.0125,0.0086,0.0265
CP002162,6362,114516,65,283,61,409,0.0017,0.0074,0.0016,0.0107
CP002027,911,16398,68,0,295,363,0.0124,0,0.054,0.0664
AP012224,4015,72270,120,321,134,575,0.005,0.0133,0.0056,0.0239
CP001037,6507,117126,635,666,1107,2408,0.0163,0.0171,0.0284,0.0617
CP001349,7768,139824,92,401,64,557,0.002,0.0086,0.0014,0.012
AP012273,2862,51516,99,334,103,536,0.0058,0.0195,0.006,0.0312
CP009450,5038,90684,175,530,417,1122,0.0058,0.0175,0.0138,0.0371
AP012320,4706,84708,74,255,34,363,0.0026,0.009,0.0012,0.0129
CP003732,2897,52146,110,232,233,575,0.0063,0.0133,0.0134,0.0331
BA000039,2475,44550,183,242,170,595,0.0123,0.0163,0.0114,0.0401
CP001099,2141,38538,82,262,144,488,0.0064,0.0204,0.0112,0.038
CP003620,4757,85626,491,480,931,1902,0.0172,0.0168,0.0326,0.0666
CP001867,5156,92808,70,173,15,258,0.0023,0.0056,0.0005,0.0083
CP006265,2646,47628,277,241,541,1059,0.0174,0.0152,0.0341,0.0667
CP007161,3934,70812,293,327,665,1285,0.0124,0.0139,0.0282,0.0544
CP001631,2095,37710,56,99,5,160,0.0045,0.0079,0.0004,0.0127
FP929056,1435,25830,21,101,52,174,0.0024,0.0117,0.006,0.0202
CP002158,3131,56358,229,259,367,855,0.0122,0.0138,0.0195,0.0455
CP002271,8407,151326,167,493,101,761,0.0033,0.0098,0.002,0.0151
CP007566,4492,80856,141,511,210,862,0.0052,0.019,0.0078,0.032
CP003876,8471,152478,188,455,107,750,0.0037,0.009,0.0021,0.0148
CP009217,1780,32040,150,118,499,767,0.014,0.011,0.0467,0.0718
HE956757,3666,65988,105,266,100,471,0.0048,0.0121,0.0045,0.0214
CP000061,706,12708,22,62,237,321,0.0052,0.0146,0.0559,0.0758
CP003837,5695,102510,539,620,1218,2377,0.0158,0.0181,0.0356,0.0696
CP002725,1397,25146,138,110,277,525,0.0165,0.0131,0.033,0.0626
AP012551,5122,92196,156,535,403,1094,0.0051,0.0174,0.0131,0.0356
AP012044,4656,83808,136,373,321,830,0.0049,0.0134,0.0115,0.0297
CP004393,4443,79974,48,285,54,387,0.0018,0.0107,0.002,0.0145
CP000153,2163,38934,213,215,451,879,0.0164,0.0166,0.0348,0.0677
CP000850,5173,93114,111,279,41,431,0.0036,0.009,0.0013,0.0139
CP001312,3587,64566,32,246,28,306,0.0015,0.0114,0.0013,0.0142
CP001607,2348,42264,154,284,445,883,0.0109,0.0202,0.0316,0.0627
CP002355,2607,46926,170,250,325,745,0.0109,0.016,0.0208,0.0476
CP003051,3698,66564,92,234,70,396,0.0041,0.0105,0.0032,0.0178
CP000387,2348,42264,179,252,320,751,0.0127,0.0179,0.0227,0.0533
CP000554,3136,56448,183,445,260,888,0.0097,0.0237,0.0138,0.0472
CP000411,1864,33552,120,165,365,650,0.0107,0.0148,0.0326,0.0581
CP001650,4713,84834,466,525,1193,2184,0.0165,0.0186,0.0422,0.0772
CP003801,1531,27558,121,188,411,720,0.0132,0.0205,0.0447,0.0784
CP002343,3710,66780,58,214,10,282,0.0026,0.0096,0.0004,0.0127
CP003944,3684,66312,247,451,640,1338,0.0112,0.0204,0.029,0.0605
CP002085,3355,60390,70,194,87,351,0.0035,0.0096,0.0043,0.0174
CP000542,5070,91260,79,342,59,480,0.0026,0.0112,0.0019,0.0158
CP010954,4440,79920,105,336,78,519,0.0039,0.0126,0.0029,0.0195
AP012547,3587,64566,98,314,91,503,0.0046,0.0146,0.0042,0.0234
CP003155,3283,59094,212,340,277,829,0.0108,0.0173,0.0141,0.0421
AP012052,3676,66168,44,155,18,217,0.002,0.007,0.0008,0.0098
CP007053,6045,108810,122,502,193,817,0.0034,0.0138,0.0053,0.0225
FP236843,4596,82728,166,536,470,1172,0.006,0.0194,0.017,0.0425
CP002528,3049,54882,331,312,720,1363,0.0181,0.0171,0.0394,0.0745
AP012029,3177,57186,69,300,208,577,0.0036,0.0157,0.0109,0.0303
CP003591,3912,70416,244,344,191,779,0.0104,0.0147,0.0081,0.0332
CP007028,1691,30438,127,121,270,518,0.0125,0.0119,0.0266,0.0511
CP000352,3870,69660,93,308,88,489,0.004,0.0133,0.0038,0.0211
CP001810,2998,53964,227,312,584,1123,0.0126,0.0173,0.0325,0.0624
CP010978,4857,87426,379,448,773,1600,0.013,0.0154,0.0265,0.0549
CP002046,2744,49392,283,214,793,1290,0.0172,0.013,0.0482,0.0784
CP001685,2370,42660,121,170,631,922,0.0085,0.012,0.0444,0.0648
AE014184,862,15516,44,66,105,215,0.0085,0.0128,0.0203,0.0416
CP009962,5082,91476,247,545,378,1170,0.0081,0.0179,0.0124,0.0384
CP006681,1103,19854,70,0,332,402,0.0106,0,0.0502,0.0607
CP002292,3748,67464,91,277,101,469,0.004,0.0123,0.0045,0.0209
CP011144,3242,58356,56,110,20,186,0.0029,0.0057,0.001,0.0096
CP003600,5950,107100,700,591,909,2200,0.0196,0.0166,0.0255,0.0616
CP005384,2289,41202,198,269,438,905,0.0144,0.0196,0.0319,0.0659
CP001778,6542,117756,200,384,105,689,0.0051,0.0098,0.0027,0.0176
CP003315,679,12222,25,40,245,310,0.0061,0.0098,0.0601,0.0761
CP001851,2220,39960,63,205,109,377,0.0047,0.0154,0.0082,0.0283
CP003495,3437,61866,58,183,32,273,0.0028,0.0089,0.0016,0.0132
AP012204,5359,96462,140,399,39,578,0.0044,0.0124,0.0012,0.018
CP002512,2024,36432,150,209,331,690,0.0124,0.0172,0.0273,0.0568
CP003587,4562,82116,168,333,157,658,0.0061,0.0122,0.0057,0.024
AP009389,2920,52560,97,211,339,647,0.0055,0.012,0.0193,0.0369
HE717023,4121,74178,239,416,608,1263,0.0097,0.0168,0.0246,0.0511
CP007481,910,16380,85,94,108,287,0.0156,0.0172,0.0198,0.0526
CP002683,2291,41238,183,173,336,692,0.0133,0.0126,0.0244,0.0503
CP002400,2875,51750,53,185,130,368,0.0031,0.0107,0.0075,0.0213
CP001739,4195,75510,220,389,1004,1613,0.0087,0.0155,0.0399,0.0641
AM902716,5035,90630,156,371,121,648,0.0052,0.0123,0.004,0.0214
CP000083,5054,90972,477,524,1269,2270,0.0157,0.0173,0.0418,0.0749
CP002544,3746,67428,236,382,700,1318,0.0105,0.017,0.0311,0.0586
CP001738,5061,91098,74,206,34,314,0.0024,0.0068,0.0011,0.0103
CP001807,2858,51444,67,201,66,334,0.0039,0.0117,0.0038,0.0195
CP002006,2860,51480,208,288,551,1047,0.0121,0.0168,0.0321,0.061
CP001016,3740,67320,124,363,150,637,0.0055,0.0162,0.0067,0.0284
CP006696,2728,49104,150,320,196,666,0.0092,0.0196,0.012,0.0407
CP000884,6153,110754,116,439,72,627,0.0031,0.0119,0.002,0.017
AM889285,3864,69552,77,286,78,441,0.0033,0.0123,0.0034,0.019
CP000492,2799,50382,66,331,305,702,0.0039,0.0197,0.0182,0.0418
CP001779,1560,28080,104,139,405,648,0.0111,0.0149,0.0433,0.0692
CP002786,4624,83232,196,422,108,726,0.0071,0.0152,0.0039,0.0262
CP003178,7444,133992,608,830,1460,2898,0.0136,0.0186,0.0327,0.0649
CP001145,1541,27738,130,133,191,454,0.0141,0.0144,0.0207,0.0491
CP002339,4445,80010,412,424,785,1621,0.0154,0.0159,0.0294,0.0608
CP002417,6090,109620,99,462,64,625,0.0027,0.0126,0.0018,0.0171
CP002047,10107,181926,139,659,92,890,0.0023,0.0109,0.0015,0.0147
CP001684,2854,51372,103,171,101,375,0.006,0.01,0.0059,0.0219
CP006842,3272,58896,121,271,51,443,0.0062,0.0138,0.0026,0.0226
AP014685,10060,181080,265,720,167,1152,0.0044,0.0119,0.0028,0.0191
CP002102,3393,61074,77,238,49,364,0.0038,0.0117,0.0024,0.0179
CP003590,4665,83970,451,392,680,1523,0.0161,0.014,0.0243,0.0544
CP003969,10503,189054,189,401,74,664,0.003,0.0064,0.0012,0.0105
FO818637,4882,87876,287,588,804,1679,0.0098,0.0201,0.0274,0.0573
CP003787,2237,40266,196,212,606,1014,0.0146,0.0158,0.0451,0.0755
CP000282,4067,73206,401,255,700,1356,0.0164,0.0104,0.0287,0.0556
CP003154,4627,83286,100,423,106,629,0.0036,0.0152,0.0038,0.0227
AM942759,3685,66330,291,441,776,1508,0.0132,0.0199,0.0351,0.0682
CP002084,1774,31932,82,171,175,428,0.0077,0.0161,0.0164,0.0402
CP002987,3561,64098,187,393,718,1298,0.0088,0.0184,0.0336,0.0608
HG322949,5573,100314,194,541,359,1094,0.0058,0.0162,0.0107,0.0327
CP000685,5137,92466,421,469,1375,2265,0.0137,0.0152,0.0446,0.0735
CP001997,1972,35496,128,157,205,490,0.0108,0.0133,0.0173,0.0414
CP000390,4162,74916,137,343,117,597,0.0055,0.0137,0.0047,0.0239
CP002657,4815,86670,130,319,64,513,0.0045,0.011,0.0022,0.0178
CP003945,3920,70560,302,547,587,1436,0.0128,0.0233,0.025,0.0611
CP003379,4399,79182,183,261,137,581,0.0069,0.0099,0.0052,0.022
CP002991,2794,50292,150,210,451,811,0.0089,0.0125,0.0269,0.0484
CP003729,9291,167238,169,511,76,756,0.003,0.0092,0.0014,0.0136
CP000555,3870,69660,53,247,35,335,0.0023,0.0106,0.0015,0.0144
CP002568,4383,78894,54,192,41,287,0.0021,0.0073,0.0016,0.0109
BA000022,3167,57006,229,305,514,1048,0.0121,0.0161,0.027,0.0552
CP008889,2321,41778,26,163,8,197,0.0019,0.0117,0.0006,0.0141
AP012157,3810,68580,249,384,663,1296,0.0109,0.0168,0.029,0.0567
CP000386,3281,59058,104,94,67,265,0.0053,0.0048,0.0034,0.0135
FP929061,2771,49878,208,392,553,1153,0.0125,0.0236,0.0333,0.0693
AP006840,3337,60066,69,155,27,251,0.0034,0.0077,0.0013,0.0125
CP007044,4883,87894,225,538,499,1262,0.0077,0.0184,0.017,0.0431
CP000781,4847,87246,83,292,59,434,0.0029,0.01,0.002,0.0149
AP009384,4717,84906,75,279,57,411,0.0026,0.0099,0.002,0.0145
CP006272,8648,155664,198,525,99,822,0.0038,0.0101,0.0019,0.0158
CP008796,1532,27576,118,112,272,502,0.0128,0.0122,0.0296,0.0546
CP001108,2388,42984,88,309,191,588,0.0061,0.0216,0.0133,0.041
CP001221,3469,62442,243,370,645,1258,0.0117,0.0178,0.031,0.0604
CP001364,4308,77544,194,457,204,855,0.0075,0.0177,0.0079,0.0331
CP003359,2629,47322,259,214,677,1150,0.0164,0.0136,0.0429,0.0729
CP001734,2559,46062,74,158,65,297,0.0048,0.0103,0.0042,0.0193
CP002548,1157,20826,71,110,339,520,0.0102,0.0158,0.0488,0.0749
CP003532,2734,49212,190,320,255,765,0.0116,0.0195,0.0155,0.0466
CP000934,3816,68688,188,357,393,938,0.0082,0.0156,0.0172,0.041
CP000758,2803,50454,101,257,174,532,0.006,0.0153,0.0103,0.0316
CP009129,3171,57078,205,284,478,967,0.0108,0.0149,0.0251,0.0508
CP000471,3815,68670,186,313,238,737,0.0081,0.0137,0.0104,0.0322
CP000922,2956,53208,136,312,280,728,0.0077,0.0176,0.0158,0.041
CP001630,7179,129222,113,333,43,489,0.0026,0.0077,0.001,0.0114
CP002159,3009,54162,171,357,268,796,0.0095,0.0198,0.0148,0.0441
CP001958,3128,56304,80,152,27,259,0.0043,0.0081,0.0014,0.0138
FO203355,5260,94680,258,572,576,1406,0.0082,0.0181,0.0183,0.0446
CP000975,2524,45432,170,239,329,738,0.0112,0.0158,0.0217,0.0487
CP009257,4258,76644,359,374,827,1560,0.0141,0.0146,0.0324,0.0611
CP000830,3634,65412,68,210,48,326,0.0031,0.0096,0.0022,0.015
CP001722,1883,33894,87,152,225,464,0.0077,0.0135,0.0199,0.0411
CP000774,3706,66708,82,250,110,442,0.0037,0.0112,0.0049,0.0199
CP004388,4227,76086,106,440,237,783,0.0042,0.0173,0.0093,0.0309
CP006566,5125,92250,225,517,472,1214,0.0073,0.0168,0.0153,0.0395
CP002876,3605,64890,230,424,526,1180,0.0106,0.0196,0.0243,0.0546
CP002899,1406,25308,94,118,356,568,0.0111,0.014,0.0422,0.0673
CP011132,5220,93960,173,608,516,1297,0.0055,0.0194,0.0165,0.0414
CP001098,2436,43848,121,212,534,867,0.0083,0.0145,0.0365,0.0593
CP003949,8052,144936,160,547,70,777,0.0033,0.0113,0.0014,0.0161
CP003119,5020,90360,81,353,43,477,0.0027,0.0117,0.0014,0.0158
CP003549,6911,124398,702,678,1547,2927,0.0169,0.0164,0.0373,0.0706
CP001962,2506,45108,140,87,68,295,0.0093,0.0058,0.0045,0.0196
CP000109,2259,40662,126,243,365,734,0.0093,0.0179,0.0269,0.0542
AP012337,4119,74142,121,427,158,706,0.0049,0.0173,0.0064,0.0286
CP009056,2342,42156,168,249,688,1105,0.012,0.0177,0.049,0.0786
CP002026,4563,82134,83,296,56,435,0.003,0.0108,0.002,0.0159
CP000769,4562,82116,84,191,31,306,0.0031,0.007,0.0011,0.0112
CP002304,2464,44352,150,190,641,981,0.0101,0.0129,0.0434,0.0664
CP003283,2371,42678,142,209,652,1003,0.01,0.0147,0.0458,0.0705
CP000155,6863,123534,323,591,647,1561,0.0078,0.0144,0.0157,0.0379
CP003796,1087,19566,93,73,163,329,0.0143,0.0112,0.025,0.0504
CP002353,3791,68238,58,332,64,454,0.0025,0.0146,0.0028,0.02
AM494475,2179,39222,203,269,688,1160,0.0155,0.0206,0.0526,0.0887
CP007444,4765,85770,145,342,83,570,0.0051,0.012,0.0029,0.0199
CP001713,1146,20628,97,92,168,357,0.0141,0.0134,0.0244,0.0519
CP002345,3118,56124,251,348,689,1288,0.0134,0.0186,0.0368,0.0688
HG934468,3060,55080,294,374,531,1199,0.016,0.0204,0.0289,0.0653
CP009159,2341,42138,150,238,471,859,0.0107,0.0169,0.0335,0.0612
CP000544,2493,44874,49,131,29,209,0.0033,0.0088,0.0019,0.014
CP003153,3538,63684,104,217,89,410,0.0049,0.0102,0.0042,0.0193
CP000285,3405,61290,69,284,74,427,0.0034,0.0139,0.0036,0.0209
CP003915,4112,74016,172,454,338,964,0.007,0.0184,0.0137,0.0391
CP001928,1977,35586,128,224,291,643,0.0108,0.0189,0.0245,0.0542
CP006644,5924,106632,131,350,103,584,0.0037,0.0098,0.0029,0.0164
CP000513,1351,24318,44,124,211,379,0.0054,0.0153,0.026,0.0468
AM180252,1179,21222,137,89,314,540,0.0194,0.0126,0.0444,0.0763
AP008971,1631,29358,99,197,378,674,0.0101,0.0201,0.0386,0.0689
CP003597,5665,101970,578,570,707,1855,0.017,0.0168,0.0208,0.0546
CP009460,4274,76932,152,487,362,1001,0.0059,0.019,0.0141,0.039
CP002105,2438,43884,242,210,544,996,0.0165,0.0144,0.0372,0.0681
CP001683,3964,71352,84,251,41,376,0.0035,0.0106,0.0017,0.0158
AP010946,2893,52074,44,175,42,261,0.0025,0.0101,0.0024,0.015
CP009122,4687,84366,129,334,111,574,0.0046,0.0119,0.0039,0.0204
AE000657,1573,28314,130,108,320,558,0.0138,0.0114,0.0339,0.0591
CP002017,3402,61236,45,246,65,356,0.0022,0.0121,0.0032,0.0174
CP003313,2354,42372,125,251,404,780,0.0089,0.0178,0.0286,0.0552
CP001154,3336,60048,79,266,105,450,0.0039,0.0133,0.0052,0.0225
CP003493,3433,61794,51,255,13,319,0.0025,0.0124,0.0006,0.0155
CP002902,3297,59346,79,235,48,362,0.004,0.0119,0.0024,0.0183
CP002514,2273,40914,49,195,53,297,0.0036,0.0143,0.0039,0.0218
AP011615,6627,119286,653,788,1052,2493,0.0164,0.0198,0.0265,0.0627
CP002390,1709,30762,77,123,219,419,0.0075,0.012,0.0214,0.0409
CP002056,2859,51462,243,341,644,1228,0.0142,0.0199,0.0375,0.0716
FO203431,5562,100116,68,217,7,292,0.002,0.0065,0.0002,0.0087
CP002955,5150,92700,470,546,1224,2240,0.0152,0.0177,0.0396,0.0725
CP002810,3080,55440,30,121,8,159,0.0016,0.0065,0.0004,0.0086
AM711867,3008,54144,34,125,11,170,0.0019,0.0069,0.0006,0.0094
CP002543,1594,28692,164,158,274,596,0.0171,0.0165,0.0286,0.0623
CP000509,4755,85590,79,270,21,370,0.0028,0.0095,0.0007,0.013
FO203503,4375,78750,159,516,759,1434,0.0061,0.0197,0.0289,0.0546
CP003260,2063,37134,120,193,280,593,0.0097,0.0156,0.0226,0.0479
CP003630,6391,115038,536,721,818,2075,0.014,0.0188,0.0213,0.0541
CP001820,1923,34614,175,200,348,723,0.0152,0.0173,0.0302,0.0627
AP014821,3733,67194,329,444,1179,1952,0.0147,0.0198,0.0526,0.0872
CP001965,3050,54900,108,321,148,577,0.0059,0.0175,0.0081,0.0315
CP003364,7566,136188,145,643,192,980,0.0032,0.0142,0.0042,0.0216
CP003558,3762,67716,301,419,430,1150,0.0133,0.0186,0.0191,0.0509
CP003108,5627,101286,385,484,844,1713,0.0114,0.0143,0.025,0.0507
CP002349,3849,69282,329,453,953,1735,0.0142,0.0196,0.0413,0.0751
CP000724,4941,88938,407,546,881,1834,0.0137,0.0184,0.0297,0.0619
HF680312,3732,67176,307,392,557,1256,0.0137,0.0175,0.0249,0.0561
CP009440,2090,37620,241,211,573,1025,0.0192,0.0168,0.0457,0.0817
CP001230,2023,36414,132,202,382,716,0.0109,0.0166,0.0315,0.059
AP011121,2628,47304,126,177,187,490,0.008,0.0112,0.0119,0.0311
CP001322,5361,96498,182,467,472,1121,0.0057,0.0145,0.0147,0.0349
FP929050,3629,65322,228,504,523,1255,0.0105,0.0231,0.024,0.0576
CP006664,4224,76032,191,371,326,888,0.0075,0.0146,0.0129,0.035
CP003466,4470,80460,136,429,172,737,0.0051,0.016,0.0064,0.0275
CP003870,3040,54720,130,246,363,739,0.0071,0.0135,0.0199,0.0405
HG938353,4538,81684,123,393,132,648,0.0045,0.0144,0.0048,0.0238
CP003470,3958,71244,62,254,54,370,0.0026,0.0107,0.0023,0.0156
CP000749,4598,82764,345,438,765,1548,0.0125,0.0159,0.0277,0.0561
CP000319,4100,73800,110,292,113,515,0.0045,0.0119,0.0046,0.0209
CP002959,4185,75330,177,385,282,844,0.007,0.0153,0.0112,0.0336
CP000088,3184,57312,77,175,41,293,0.004,0.0092,0.0021,0.0153
CP001699,7400,133200,609,785,1453,2847,0.0137,0.0177,0.0327,0.0641
CP007034,2614,47052,139,233,334,706,0.0089,0.0149,0.0213,0.045
CP002666,3864,69552,33,132,8,173,0.0014,0.0057,0.0003,0.0075
AP012035,3449,62082,61,226,45,332,0.0029,0.0109,0.0022,0.016
CP009495,6791,122238,164,504,78,746,0.004,0.0124,0.0019,0.0183
CP007035,4184,75312,269,426,829,1524,0.0107,0.017,0.033,0.0607
CP002667,2581,46458,153,259,534,946,0.0099,0.0167,0.0345,0.0611
CP003563,6222,111996,175,449,141,765,0.0047,0.012,0.0038,0.0205
AM236080,4733,85194,100,425,156,681,0.0035,0.015,0.0055,0.024
CP004025,8128,146304,141,425,40,606,0.0029,0.0087,0.0008,0.0124
CP000089,4283,77094,145,418,159,722,0.0056,0.0163,0.0062,0.0281
CP010820,4768,85824,352,443,693,1488,0.0123,0.0155,0.0242,0.052
CP009302,1475,26550,39,86,37,162,0.0044,0.0097,0.0042,0.0183
CP000820,7377,132786,126,393,62,581,0.0028,0.0089,0.0014,0.0131
CP002630,2310,41580,114,90,60,264,0.0082,0.0065,0.0043,0.019
CP007062,2478,44604,179,155,675,1009,0.012,0.0104,0.0454,0.0679
CP000031,3923,70614,83,285,68,436,0.0035,0.0121,0.0029,0.0185
FP929047,2025,36450,46,85,41,172,0.0038,0.007,0.0034,0.0142
CP003488,4194,75492,327,521,771,1619,0.013,0.0207,0.0306,0.0643
CP004121,5831,104958,435,499,1685,2619,0.0124,0.0143,0.0482,0.0749
AP009510,761,13698,46,71,162,279,0.0101,0.0155,0.0355,0.0611
CP002364,3408,61344,72,258,121,451,0.0035,0.0126,0.0059,0.0221
FR872582,2380,42840,166,264,359,789,0.0116,0.0185,0.0251,0.0553
BA000012,6752,121536,189,504,125,818,0.0047,0.0124,0.0031,0.0202
CP003349,4490,80820,457,509,1224,2190,0.017,0.0189,0.0454,0.0813
CU207211,3352,60336,154,386,265,805,0.0077,0.0192,0.0132,0.04
CP009416,3803,68454,187,446,454,1087,0.0082,0.0195,0.0199,0.0476
CP000267,4304,77472,143,448,188,779,0.0055,0.0173,0.0073,0.0302
HG315671,3518,63324,342,307,1127,1776,0.0162,0.0145,0.0534,0.0841
AE016825,4529,81522,147,323,139,609,0.0054,0.0119,0.0051,0.0224
AP014565,4947,89046,229,559,558,1346,0.0077,0.0188,0.0188,0.0453
CP001071,2240,40320,71,208,155,434,0.0053,0.0155,0.0115,0.0323
CP001708,1803,32454,180,188,407,775,0.0166,0.0174,0.0376,0.0716
CP001821,3443,61974,46,164,8,218,0.0022,0.0079,0.0004,0.0106
CP000733,2303,41454,148,189,334,671,0.0107,0.0137,0.0242,0.0486
CP002831,4267,76806,458,319,571,1348,0.0179,0.0125,0.0223,0.0527
AP012331,2572,46296,63,191,54,308,0.0041,0.0124,0.0035,0.02
FO082060,4083,73494,289,463,562,1314,0.0118,0.0189,0.0229,0.0536
BA000028,3496,62928,285,330,611,1226,0.0136,0.0157,0.0291,0.0584
CP003236,3611,64998,35,239,32,306,0.0016,0.011,0.0015,0.0141
CP000158,3568,64224,100,299,115,514,0.0047,0.014,0.0054,0.024
CP003646,4929,88722,496,529,738,1763,0.0168,0.0179,0.025,0.0596
CP002542,4131,74358,378,512,837,1727,0.0153,0.0207,0.0338,0.0697
CP011047,4485,80730,141,436,438,1015,0.0052,0.0162,0.0163,0.0377
CP001801,2465,44370,98,285,174,557,0.0066,0.0193,0.0118,0.0377
AP014800,4354,78372,62,247,41,350,0.0024,0.0095,0.0016,0.0134
FP476056,4738,85284,477,431,881,1789,0.0168,0.0152,0.031,0.0629
CP007202,2860,51480,225,238,873,1336,0.0131,0.0139,0.0509,0.0779
CP000482,3685,66330,130,350,153,633,0.0059,0.0158,0.0069,0.0286
CP001769,6701,120618,685,812,1021,2518,0.017,0.0202,0.0254,0.0626
AM420293,7198,129564,92,285,52,429,0.0021,0.0066,0.0012,0.0099
CP005383,2858,51444,203,316,511,1030,0.0118,0.0184,0.0298,0.0601
CP003607,6001,108018,427,632,678,1737,0.0119,0.0176,0.0188,0.0482
CP003257,2117,38106,124,225,552,901,0.0098,0.0177,0.0435,0.0709
CP003742,4862,87516,206,367,239,812,0.0071,0.0126,0.0082,0.0278
CP003191,3207,57726,149,334,413,896,0.0077,0.0174,0.0215,0.0466
CP001397,3666,65988,365,427,929,1721,0.0166,0.0194,0.0422,0.0782
AM260479,3650,65700,72,238,61,371,0.0033,0.0109,0.0028,0.0169
CP001682,1422,25596,78,125,95,298,0.0091,0.0147,0.0111,0.0349
CP003345,4089,73602,434,457,1110,2001,0.0177,0.0186,0.0452,0.0816
CR522870,3118,56124,242,304,408,954,0.0129,0.0162,0.0218,0.051
CP002738,4673,84114,258,442,606,1306,0.0092,0.0158,0.0216,0.0466
CP001616,3292,59256,144,391,401,936,0.0073,0.0198,0.0203,0.0474
CP000284,2814,50652,151,356,184,691,0.0089,0.0211,0.0109,0.0409
CP002606,1780,32040,138,143,314,595,0.0129,0.0134,0.0294,0.0557
CP008876,3253,58554,226,288,409,923,0.0116,0.0148,0.021,0.0473
CP009621,4643,83574,462,361,768,1591,0.0166,0.013,0.0276,0.0571
AP014569,2389,43002,87,172,80,339,0.0061,0.012,0.0056,0.0237
CP002344,2435,43830,21,72,9,102,0.0014,0.0049,0.0006,0.007
CP003943,6250,112500,572,722,909,2203,0.0153,0.0193,0.0242,0.0587
CP000103,2828,50904,112,317,168,597,0.0066,0.0187,0.0099,0.0352
CP001712,3259,58662,186,250,312,748,0.0095,0.0128,0.016,0.0383
CP003390,3096,55728,203,381,508,1092,0.0109,0.0205,0.0273,0.0588
CP007445,2869,51642,219,295,820,1334,0.0127,0.0171,0.0476,0.0775
CP001968,3073,55314,182,373,530,1085,0.0099,0.0202,0.0287,0.0588
CP003778,4746,85428,86,309,73,468,0.003,0.0109,0.0026,0.0164
CP002305,3666,65988,367,348,681,1396,0.0167,0.0158,0.031,0.0635
CP001196,3782,68076,91,311,114,516,0.004,0.0137,0.005,0.0227
CP002916,1577,28386,60,143,92,295,0.0063,0.0151,0.0097,0.0312
AE009439,1729,31122,59,129,47,235,0.0057,0.0124,0.0045,0.0227
CP003167,2924,52632,63,255,161,479,0.0036,0.0145,0.0092,0.0273
CP006670,2575,46350,140,239,349,728,0.0091,0.0155,0.0226,0.0471
CP002737,1843,33174,100,137,374,611,0.009,0.0124,0.0338,0.0553
BA000011,1526,27468,119,154,304,577,0.013,0.0168,0.0332,0.063
CP002062,3083,55494,145,157,70,372,0.0078,0.0085,0.0038,0.0201
AE017261,1535,27630,73,158,493,724,0.0079,0.0172,0.0535,0.0786
CP007060,3052,54936,117,132,27,276,0.0064,0.0072,0.0015,0.0151
CP009479,2004,36072,107,203,209,519,0.0089,0.0169,0.0174,0.0432
CP000300,2500,45000,172,280,360,812,0.0115,0.0187,0.024,0.0541
CP002278,1352,24336,101,145,283,529,0.0125,0.0179,0.0349,0.0652
CP003423,1439,25902,89,132,269,490,0.0103,0.0153,0.0312,0.0568
CP003531,1466,26388,132,115,123,370,0.015,0.0131,0.014,0.0421
CP003321,1522,27396,123,139,225,487,0.0135,0.0152,0.0246,0.0533
CP002117,2881,51858,102,320,403,825,0.0059,0.0185,0.0233,0.0477
CP001941,1587,28566,97,137,260,494,0.0102,0.0144,0.0273,0.0519
CP000254,3304,59472,162,443,333,938,0.0082,0.0223,0.0168,0.0473
CP002551,2584,46512,142,236,634,1012,0.0092,0.0152,0.0409,0.0653
CP002101,2086,37548,128,266,336,730,0.0102,0.0213,0.0268,0.0583
CP001687,3077,55386,133,231,55,419,0.0072,0.0125,0.003,0.0227
CP001994,2095,37710,105,220,271,596,0.0084,0.0175,0.0216,0.0474
CP004145,2001,36018,155,169,485,809,0.0129,0.0141,0.0404,0.0674
CP002838,2038,36684,162,122,106,390,0.0132,0.01,0.0087,0.0319
CP000852,2045,36810,188,230,648,1066,0.0153,0.0187,0.0528,0.0869
AE006641,3050,54900,319,295,783,1397,0.0174,0.0161,0.0428,0.0763
CP002839,3685,66330,195,180,74,449,0.0088,0.0081,0.0033,0.0203
CP002069,2318,41724,118,192,486,796,0.0085,0.0138,0.0349,0.0572
CP001868,3018,54324,129,222,89,440,0.0071,0.0123,0.0049,0.0243
CP002100,2593,46674,204,327,701,1232,0.0131,0.021,0.0451,0.0792
CP001901,1879,33822,113,138,437,688,0.01,0.0122,0.0388,0.061
CP002792,1662,29916,87,81,578,746,0.0087,0.0081,0.058,0.0748
CP001690,2966,53388,129,220,73,422,0.0072,0.0124,0.0041,0.0237
CP003377,3835,69030,180,234,106,520,0.0078,0.0102,0.0046,0.0226
CP007174,3548,63864,275,386,377,1038,0.0129,0.0181,0.0177,0.0488
CP002565,2906,52308,181,311,266,758,0.0104,0.0178,0.0153,0.0435
CP001719,2283,41094,133,184,612,929,0.0097,0.0134,0.0447,0.0678
CP003362,2460,44280,144,273,300,717,0.0098,0.0185,0.0203,0.0486
AE010299,4662,83916,270,485,619,1374,0.0097,0.0173,0.0221,0.0491
CP000866,1840,33120,155,228,315,698,0.014,0.0207,0.0285,0.0632
CP001365,2802,50436,89,129,53,271,0.0053,0.0077,0.0032,0.0161
CP001742,1551,27918,108,109,150,367,0.0116,0.0117,0.0161,0.0394
CP003378,1576,28368,102,119,404,625,0.0108,0.0126,0.0427,0.0661
CP002590,2229,40122,212,124,206,542,0.0159,0.0093,0.0154,0.0405
HE613800,1891,34038,142,176,270,588,0.0125,0.0155,0.0238,0.0518
CP000493,1672,30096,186,79,94,359,0.0185,0.0079,0.0094,0.0358
CP003929,4076,73368,161,201,60,422,0.0066,0.0082,0.0025,0.0173
CP002051,1716,30888,138,116,313,567,0.0134,0.0113,0.0304,0.0551
CP003050,3187,57366,132,185,39,356,0.0069,0.0097,0.002,0.0186
CP001939,1457,26226,104,141,215,460,0.0119,0.0161,0.0246,0.0526
BA000002,1700,30600,149,103,115,367,0.0146,0.0101,0.0113,0.036
CP001688,3277,58986,172,198,55,425,0.0087,0.0101,0.0028,0.0216
CP000559,1819,32742,75,189,138,402,0.0069,0.0173,0.0126,0.0368
AE000666,1916,34488,97,293,255,645,0.0084,0.0255,0.0222,0.0561
CP000505,1879,33822,140,92,164,396,0.0124,0.0082,0.0145,0.0351
CP000102,1588,28584,95,112,383,590,0.01,0.0118,0.0402,0.0619
CP000682,2341,42138,234,280,384,898,0.0167,0.0199,0.0273,0.0639
AM114193,3085,55530,221,259,312,792,0.0119,0.014,0.0169,0.0428
CP007055,2999,53982,161,193,73,427,0.0089,0.0107,0.0041,0.0237
CP010529,3413,61434,201,239,71,511,0.0098,0.0117,0.0035,0.025
CP001338,2866,51588,115,345,145,605,0.0067,0.0201,0.0084,0.0352
HF582854,2883,51894,120,151,40,311,0.0069,0.0087,0.0023,0.018
CP006577,2657,47826,123,263,353,739,0.0077,0.0165,0.0221,0.0464
CP001932,3658,65844,180,275,96,551,0.0082,0.0125,0.0044,0.0251
CP003372,3880,69840,175,210,60,445,0.0075,0.009,0.0026,0.0191
CP009552,2274,40932,90,260,225,575,0.0066,0.0191,0.0165,0.0421
FR746099,2907,52326,195,431,310,936,0.0112,0.0247,0.0178,0.0537
CP006019,2046,36828,133,172,276,581,0.0108,0.014,0.0225,0.0473
CP003098,2891,52038,304,147,296,747,0.0175,0.0085,0.0171,0.0431
HE964772,2628,47304,106,241,104,451,0.0067,0.0153,0.0066,0.0286
CP007536,3187,57366,250,280,314,844,0.0131,0.0146,0.0164,0.0441
CP001860,3842,69156,144,207,70,421,0.0062,0.009,0.003,0.0183
CP002098,2039,36702,301,181,317,799,0.0246,0.0148,0.0259,0.0653
CP001899,2622,47196,182,259,352,793,0.0116,0.0165,0.0224,0.0504
CP002535,2424,43632,229,229,635,1093,0.0157,0.0157,0.0437,0.0752
CP002057,1768,31824,79,95,611,785,0.0074,0.009,0.0576,0.074
CP003083,3229,58122,190,342,401,933,0.0098,0.0177,0.0207,0.0482
CP000816,1492,26856,106,83,107,296,0.0118,0.0093,0.012,0.0331
CP003685,2113,38034,129,182,270,581,0.0102,0.0144,0.0213,0.0458