accession,tot_UTRs_coding_x,tot_seq_coding_x,num_of_tgt_coding,frequency_tgt_coding,tot_UTRs_coding_y,tot_seq_coding_y,num_of_tgg_coding,frequency_tgg_coding,tot_UTRs_non_coding,tot_seq_non_coding,num_of_tgt_non_coding,frequency_tgt_non_coding,tot_UTRs_non_coding ,tot_seq_non_coding ,num_of_tgg_non_coding ,frequency_tgg_non_coding ,tot_UTRs_OOF_x,tot_seq_OOF_x,num_of_tgt_OOF,frequency_tgt_OOF,tot_UTRs_OOF_y,tot_seq_OOF_y,num_of_tgg_OOF,frequency_tgg_OOF
CP003350,3288,59184,214,0.0108,3288,59184,389,0.0197,83,1494,5,0.01,83,1494,10,0.0201,3288,59184,202,0.0102,3288,59184,325,0.0165
CP001678,3201,57618,265,0.0138,3201,57618,212,0.011,33,594,1,0.0051,33,594,3,0.0152,3201,57618,287,0.0149,3201,57618,186,0.0097
CP006914,919,16542,67,0.0122,919,16542,47,0.0085,32,576,1,0.0052,32,576,0,0,919,16542,75,0.0136,919,16542,53,0.0096
CP003096,1944,34992,143,0.0123,1944,34992,168,0.0144,44,792,5,0.0189,44,792,3,0.0114,1944,34992,145,0.0124,1944,34992,152,0.013
CP000655,2132,38376,147,0.0115,2132,38376,126,0.0098,36,648,2,0.0093,36,648,1,0.0046,2132,38376,173,0.0135,2132,38376,156,0.0122
FP929048,2118,38124,170,0.0134,2118,38124,88,0.0069,0,0,0,,0,0,0,,2118,38124,107,0.0084,2118,38124,56,0.0044
CP000481,2214,39852,99,0.0075,2214,39852,168,0.0126,39,702,2,0.0085,39,702,3,0.0128,2214,39852,104,0.0078,2214,39852,155,0.0117
CP002453,4347,78246,468,0.0179,4347,78246,224,0.0086,56,1008,6,0.0179,56,1008,0,0,4347,78246,474,0.0182,4347,78246,196,0.0075
CP007201,3301,59418,375,0.0189,3301,59418,191,0.0096,39,702,4,0.0171,39,702,1,0.0043,3301,59418,356,0.018,3301,59418,171,0.0086
AP012200,1773,31914,127,0.0119,1773,31914,61,0.0057,0,0,0,,0,0,0,,1773,31914,135,0.0127,1773,31914,76,0.0071
CP001785,2210,39780,86,0.0065,2210,39780,188,0.0142,40,720,4,0.0167,40,720,6,0.025,2210,39780,84,0.0063,2210,39780,228,0.0172
CP007128,4567,82206,185,0.0068,4567,82206,364,0.0133,40,720,2,0.0083,40,720,1,0.0042,4567,82206,168,0.0061,4567,82206,387,0.0141
CP000747,3579,64422,109,0.0051,3579,64422,281,0.0131,30,540,1,0.0056,30,540,0,0,3579,64422,93,0.0043,3579,64422,262,0.0122
CP002280,2282,41076,208,0.0152,2282,41076,130,0.0095,53,954,1,0.0031,53,954,2,0.0063,2282,41076,224,0.0164,2282,41076,141,0.0103
CP001013,4445,80010,273,0.0102,4445,80010,390,0.0146,56,1008,2,0.006,56,1008,3,0.0089,4445,80010,328,0.0123,4445,80010,398,0.0149
HE983995,841,15138,81,0.0161,841,15138,71,0.0141,0,0,0,,0,0,0,,841,15138,106,0.021,841,15138,83,0.0164
CP000252,3219,57942,215,0.0111,3219,57942,198,0.0103,38,684,0,0,38,684,0,0,3219,57942,233,0.0121,3219,57942,206,0.0107
CP006955,2448,44064,226,0.0154,2448,44064,146,0.0099,68,1224,5,0.0123,68,1224,4,0.0098,2448,44064,261,0.0178,2448,44064,139,0.0095
CP000478,4162,74916,260,0.0104,4162,74916,273,0.0109,42,756,2,0.0079,42,756,3,0.0119,4162,74916,257,0.0103,4162,74916,258,0.0103
CP001843,3683,66294,279,0.0126,3683,66294,269,0.0122,41,738,1,0.0041,41,738,0,0,3683,66294,265,0.012,3683,66294,247,0.0112
CP002629,3023,54414,219,0.0121,3023,54414,260,0.0143,45,810,2,0.0074,45,810,2,0.0074,3023,54414,210,0.0116,3023,54414,238,0.0131
CP001681,4339,78102,467,0.0179,4339,78102,309,0.0119,45,810,8,0.0296,45,810,4,0.0148,4339,78102,516,0.0198,4339,78102,275,0.0106
AP012304,4531,81558,323,0.0119,4531,81558,361,0.0133,0,0,0,,0,0,0,,4531,81558,283,0.0104,4531,81558,359,0.0132
CP003346,4684,84312,549,0.0195,4684,84312,461,0.0164,48,864,2,0.0069,48,864,4,0.0139,4684,84312,560,0.0199,4684,84312,456,0.0162
CP002042,3251,58518,186,0.0095,3251,58518,338,0.0173,55,990,2,0.0061,55,990,6,0.0182,3251,58518,184,0.0094,3251,58518,336,0.0172
CP003203,4337,78066,297,0.0114,4337,78066,406,0.0156,62,1116,5,0.0134,62,1116,3,0.0081,4337,78066,302,0.0116,4337,78066,418,0.0161
CP003653,4544,81792,446,0.0164,4544,81792,202,0.0074,45,810,3,0.0111,45,810,3,0.0111,4544,81792,393,0.0144,4544,81792,227,0.0083
CR767821,920,16560,103,0.0187,920,16560,27,0.0049,0,0,0,,0,0,0,,920,16560,108,0.0196,920,16560,23,0.0042
CP002691,6609,118962,866,0.0218,6609,118962,665,0.0168,46,828,9,0.0326,46,828,3,0.0109,6609,118962,827,0.0209,6609,118962,704,0.0178
CP001814,9478,170604,467,0.0082,9478,170604,682,0.012,96,1728,6,0.0104,96,1728,10,0.0174,9478,170604,466,0.0082,9478,170604,674,0.0119
CP006778,768,13824,4,0.0009,768,13824,4,0.0009,27,486,3,0.0185,27,486,4,0.0247,768,13824,0,0,768,13824,7,0.0015
AP012492,2321,41778,290,0.0208,2321,41778,127,0.0091,0,0,0,,0,0,0,,2321,41778,296,0.0213,2321,41778,118,0.0085
CP011052,4351,78318,396,0.0152,4351,78318,381,0.0146,55,990,10,0.0303,55,990,2,0.0061,4351,78318,385,0.0147,4351,78318,330,0.0126
AE015928,4873,87714,597,0.0204,4873,87714,212,0.0073,70,1260,7,0.0167,70,1260,3,0.0071,4873,87714,573,0.0196,4873,87714,250,0.0086
CP002039,4804,86472,399,0.0138,4804,86472,475,0.0165,53,954,1,0.0031,53,954,2,0.0063,4804,86472,455,0.0158,4804,86472,573,0.0199
CP000141,2707,48726,161,0.0099,2707,48726,221,0.0136,35,630,1,0.0048,35,630,2,0.0095,2707,48726,129,0.0079,2707,48726,216,0.0133
CP000792,2048,36864,154,0.0125,2048,36864,112,0.0091,43,774,1,0.0039,43,774,7,0.0271,2048,36864,133,0.0108,2048,36864,85,0.0069
AP010968,7569,136242,306,0.0067,7569,136242,481,0.0106,0,0,0,,0,0,0,,7569,136242,321,0.0071,7569,136242,563,0.0124
AP008230,5060,91080,369,0.0122,5060,91080,289,0.0095,0,0,0,,0,0,0,,5060,91080,342,0.0113,5060,91080,331,0.0109
CP000116,2879,51822,168,0.0097,2879,51822,243,0.0141,41,738,5,0.0203,41,738,3,0.0122,2879,51822,152,0.0088,2879,51822,222,0.0129
CP004856,3189,57402,220,0.0115,3189,57402,166,0.0087,57,1026,2,0.0058,57,1026,5,0.0146,3189,57402,217,0.0113,3189,57402,159,0.0083
CP001707,2697,48546,284,0.0176,2697,48546,185,0.0114,42,756,1,0.004,42,756,2,0.0079,2697,48546,282,0.0174,2697,48546,153,0.0095
CP001992,1966,35388,136,0.0115,1966,35388,168,0.0142,50,900,1,0.0033,50,900,5,0.0167,1966,35388,138,0.0117,1966,35388,137,0.0116
CP002347,2117,38106,176,0.0139,2117,38106,144,0.0113,42,756,1,0.004,42,756,2,0.0079,2117,38106,166,0.0131,2117,38106,139,0.0109
FQ312005,3249,58482,259,0.0133,3249,58482,172,0.0088,0,0,0,,0,0,0,,3249,58482,208,0.0107,3249,58482,159,0.0082
CP010803,4495,80910,298,0.011,4495,80910,347,0.0129,54,972,5,0.0154,54,972,1,0.0031,4495,80910,370,0.0137,4495,80910,348,0.0129
CP000383,3837,69066,520,0.0226,3837,69066,158,0.0069,35,630,3,0.0143,35,630,10,0.0476,3837,69066,481,0.0209,3837,69066,192,0.0083
CP007446,2370,42660,278,0.0195,2370,42660,102,0.0072,55,990,4,0.0121,55,990,0,0,2370,42660,258,0.0181,2370,42660,122,0.0086
CP000679,2844,51192,261,0.0153,2844,51192,153,0.009,49,882,2,0.0068,49,882,4,0.0136,2844,51192,231,0.0135,2844,51192,171,0.01
CP002701,614,11052,38,0.0103,614,11052,9,0.0024,30,540,0,0,30,540,0,0,614,11052,46,0.0125,614,11052,15,0.0041
CP001087,4945,89010,503,0.017,4945,89010,481,0.0162,55,990,1,0.003,55,990,6,0.0182,4945,89010,438,0.0148,4945,89010,428,0.0144
CP000157,3056,55008,179,0.0098,3056,55008,274,0.0149,32,576,4,0.0208,32,576,0,0,3056,55008,192,0.0105,3056,55008,221,0.0121
CP003281,3879,69822,384,0.0165,3879,69822,258,0.0111,36,648,0,0,36,648,1,0.0046,3879,69822,386,0.0166,3879,69822,258,0.0111
CP001896,3190,57420,244,0.0127,3190,57420,329,0.0172,59,1062,8,0.0226,59,1062,5,0.0141,3190,57420,264,0.0138,3190,57420,327,0.0171
CP006650,3481,62658,192,0.0092,3481,62658,281,0.0135,43,774,4,0.0155,43,774,4,0.0155,3481,62658,189,0.009,3481,62658,270,0.0129
CP003147,5162,92916,420,0.0136,5162,92916,337,0.0109,62,1116,1,0.0027,62,1116,4,0.0108,5162,92916,346,0.0112,5162,92916,372,0.012
CP005990,1912,34416,122,0.0106,1912,34416,211,0.0184,37,666,1,0.0045,37,666,5,0.0225,1912,34416,117,0.0102,1912,34416,168,0.0146
AL935263,3058,55044,215,0.0117,3058,55044,193,0.0105,0,0,0,,0,0,0,,3058,55044,252,0.0137,3058,55044,184,0.01
CP003130,4960,89280,428,0.0144,4960,89280,398,0.0134,49,882,2,0.0068,49,882,7,0.0238,4960,89280,468,0.0157,4960,89280,380,0.0128
CP003075,3937,70866,230,0.0097,3937,70866,341,0.0144,38,684,0,0,38,684,4,0.0175,3937,70866,250,0.0106,3937,70866,349,0.0148
AP009552,6311,113598,504,0.0133,6311,113598,546,0.0144,0,0,0,,0,0,0,,6311,113598,464,0.0123,6311,113598,469,0.0124
CP009301,2938,52884,411,0.0233,2938,52884,145,0.0082,36,648,4,0.0185,36,648,0,0,2938,52884,383,0.0217,2938,52884,173,0.0098
AM260525,2136,38448,188,0.0147,2136,38448,111,0.0087,0,0,0,,0,0,0,,2136,38448,162,0.0126,2136,38448,121,0.0094
CP001674,2887,51966,235,0.0136,2887,51966,271,0.0156,52,936,5,0.016,52,936,2,0.0064,2887,51966,240,0.0139,2887,51966,272,0.0157
CP009706,4300,77400,387,0.015,4300,77400,234,0.0091,101,1818,6,0.0099,101,1818,2,0.0033,4300,77400,426,0.0165,4300,77400,288,0.0112
HF951689,2876,51768,215,0.0125,2876,51768,195,0.0113,0,0,0,,0,0,0,,2876,51768,226,0.0131,2876,51768,236,0.0137
CP003171,3320,59760,352,0.0177,3320,59760,317,0.0159,100,1800,17,0.0283,100,1800,9,0.015,3320,59760,354,0.0178,3320,59760,344,0.0173
CP008802,1508,27144,103,0.0114,1508,27144,115,0.0127,44,792,4,0.0152,44,792,4,0.0152,1508,27144,123,0.0136,1508,27144,134,0.0148
CP011265,3050,54900,146,0.008,3050,54900,239,0.0131,41,738,0,0,41,738,3,0.0122,3050,54900,168,0.0092,3050,54900,336,0.0184
CP000927,5133,92394,266,0.0086,5133,92394,455,0.0148,37,666,0,0,37,666,4,0.018,5133,92394,224,0.0073,5133,92394,450,0.0146
CP001818,1828,32904,84,0.0077,1828,32904,196,0.0179,42,756,1,0.004,42,756,9,0.0357,1828,32904,78,0.0071,1828,32904,179,0.0163
CP000264,4260,76680,285,0.0112,4260,76680,368,0.0144,29,522,1,0.0057,29,522,1,0.0057,4260,76680,322,0.0126,4260,76680,384,0.015
CP009415,1857,33426,135,0.0121,1857,33426,89,0.008,29,522,3,0.0172,29,522,4,0.023,1857,33426,106,0.0095,1857,33426,74,0.0066
CP001619,5855,105390,697,0.0198,5855,105390,528,0.015,45,810,3,0.0111,45,810,5,0.0185,5855,105390,621,0.0177,5855,105390,483,0.0137
CP001834,2624,47232,193,0.0123,2624,47232,102,0.0065,51,918,2,0.0065,51,918,5,0.0163,2624,47232,180,0.0114,2624,47232,97,0.0062
CP007519,2082,37476,178,0.0142,2082,37476,176,0.0141,45,810,5,0.0185,45,810,5,0.0185,2082,37476,156,0.0125,2082,37476,170,0.0136
CP002432,2669,48042,267,0.0167,2669,48042,267,0.0167,42,756,5,0.0198,42,756,3,0.0119,2669,48042,243,0.0152,2669,48042,240,0.015
CP002961,4029,72522,493,0.0204,4029,72522,235,0.0097,38,684,5,0.0219,38,684,2,0.0088,4029,72522,424,0.0175,4029,72522,201,0.0083
CP003389,8101,145818,380,0.0078,8101,145818,778,0.016,48,864,4,0.0139,48,864,9,0.0312,8101,145818,437,0.009,8101,145818,693,0.0143
CP009291,3550,63900,219,0.0103,3550,63900,301,0.0141,57,1026,4,0.0117,57,1026,5,0.0146,3550,63900,210,0.0099,3550,63900,254,0.0119
CP000360,4831,86958,340,0.0117,4831,86958,424,0.0146,33,594,0,0,33,594,2,0.0101,4831,86958,312,0.0108,4831,86958,355,0.0122
CP010049,642,11556,93,0.0241,642,11556,19,0.0049,41,738,13,0.0528,41,738,1,0.0041,642,11556,80,0.0208,642,11556,9,0.0023
CP002131,2348,42264,182,0.0129,2348,42264,164,0.0116,57,1026,1,0.0029,57,1026,12,0.0351,2348,42264,124,0.0088,2348,42264,176,0.0125
CP001875,4349,78282,430,0.0165,4349,78282,323,0.0124,85,1530,7,0.0137,85,1530,7,0.0137,4349,78282,421,0.0161,4349,78282,318,0.0122
AP009179,2466,44388,313,0.0212,2466,44388,137,0.0093,1,18,0,0,1,18,0,0,2466,44388,278,0.0188,2466,44388,140,0.0095
AP009178,1857,33426,169,0.0152,1857,33426,138,0.0124,1,18,0,0,1,18,0,0,1857,33426,123,0.011,1857,33426,103,0.0092
CP000859,3323,59814,327,0.0164,3323,59814,278,0.0139,37,666,6,0.027,37,666,3,0.0135,3323,59814,337,0.0169,3323,59814,218,0.0109
CP001032,4705,84690,238,0.0084,4705,84690,459,0.0163,50,900,2,0.0067,50,900,7,0.0233,4705,84690,198,0.007,4705,84690,460,0.0163
CP001874,3662,65916,107,0.0049,3662,65916,238,0.0108,62,1116,4,0.0108,62,1116,6,0.0161,3662,65916,130,0.0059,3662,65916,233,0.0106
CP002976,3612,65016,322,0.0149,3612,65016,339,0.0156,37,666,5,0.0225,37,666,5,0.0225,3612,65016,343,0.0158,3612,65016,342,0.0158
AP012333,1599,28782,104,0.0108,1599,28782,141,0.0147,46,828,2,0.0072,46,828,3,0.0109,1599,28782,111,0.0116,1599,28782,130,0.0136
CP002999,3525,63450,422,0.02,3525,63450,292,0.0138,38,684,1,0.0044,38,684,3,0.0132,3525,63450,430,0.0203,3525,63450,292,0.0138
CP001966,4300,77400,224,0.0087,4300,77400,309,0.012,60,1080,2,0.0056,60,1080,5,0.0139,4300,77400,240,0.0093,4300,77400,318,0.0123
CP003058,2472,44496,203,0.0137,2472,44496,189,0.0127,46,828,3,0.0109,46,828,6,0.0217,2472,44496,176,0.0119,2472,44496,195,0.0131
CP001823,2517,45306,126,0.0083,2517,45306,219,0.0145,43,774,0,0,43,774,8,0.031,2517,45306,129,0.0085,2517,45306,216,0.0143
CP002825,3027,54486,346,0.0191,3027,54486,140,0.0077,34,612,1,0.0049,34,612,1,0.0049,3027,54486,323,0.0178,3027,54486,103,0.0057
CP006866,3332,59976,293,0.0147,3332,59976,141,0.0071,69,1242,12,0.029,69,1242,7,0.0169,3332,59976,268,0.0134,3332,59976,179,0.009
CP000232,2581,46458,149,0.0096,2581,46458,224,0.0145,43,774,2,0.0078,43,774,6,0.0233,2581,46458,138,0.0089,2581,46458,241,0.0156
CP000377,3076,55368,257,0.0139,3076,55368,229,0.0124,25,450,5,0.0333,25,450,1,0.0067,3076,55368,251,0.0136,3076,55368,250,0.0135
CP001618,4278,77004,161,0.0063,4278,77004,276,0.0108,45,810,2,0.0074,45,810,6,0.0222,4278,77004,134,0.0052,4278,77004,302,0.0118
CP002171,2831,50958,236,0.0139,2831,50958,117,0.0069,84,1512,7,0.0139,84,1512,10,0.0198,2831,50958,235,0.0138,2831,50958,134,0.0079
CP002521,4851,87318,294,0.0101,4851,87318,532,0.0183,60,1080,2,0.0056,60,1080,5,0.0139,4851,87318,326,0.0112,4851,87318,555,0.0191
CP005964,2717,48906,299,0.0183,2717,48906,182,0.0112,57,1026,8,0.0234,57,1026,5,0.0146,2717,48906,251,0.0154,2717,48906,171,0.0105
HE804045,8427,151686,423,0.0084,8427,151686,776,0.0153,0,0,0,,0,0,0,,8427,151686,356,0.007,8427,151686,714,0.0141
CP001726,3184,57312,132,0.0069,3184,57312,170,0.0089,46,828,2,0.0072,46,828,5,0.0181,3184,57312,146,0.0076,3184,57312,209,0.0109
FR872580,2788,50184,255,0.0152,2788,50184,166,0.0099,0,0,0,,0,0,0,,2788,50184,251,0.015,2788,50184,164,0.0098
CP000422,1847,33246,151,0.0136,1847,33246,103,0.0093,54,972,6,0.0185,54,972,8,0.0247,1847,33246,109,0.0098,1847,33246,95,0.0086
CP001819,3800,68400,190,0.0083,3800,68400,268,0.0118,47,846,2,0.0071,47,846,2,0.0071,3800,68400,188,0.0082,3800,68400,338,0.0148
CP008803,2903,52254,252,0.0145,2903,52254,292,0.0168,40,720,1,0.0042,40,720,5,0.0208,2903,52254,221,0.0127,2903,52254,319,0.0183
CP006958,6146,110628,393,0.0107,6146,110628,601,0.0163,58,1044,5,0.0144,58,1044,7,0.0201,6146,110628,375,0.0102,6146,110628,652,0.0177
CP002018,2733,49194,165,0.0101,2733,49194,222,0.0135,81,1458,4,0.0082,81,1458,11,0.0226,2733,49194,177,0.0108,2733,49194,254,0.0155
CP001634,2224,40032,177,0.0133,2224,40032,137,0.0103,39,702,3,0.0128,39,702,4,0.0171,2224,40032,147,0.011,2224,40032,144,0.0108
CP000875,5059,91062,424,0.014,5059,91062,464,0.0153,48,864,10,0.0347,48,864,5,0.0174,5059,91062,424,0.014,5059,91062,476,0.0157
FP929045,2756,49608,218,0.0132,2756,49608,144,0.0087,0,0,0,,0,0,0,,2756,49608,231,0.014,2756,49608,160,0.0097
CP000930,3138,56484,243,0.0129,3138,56484,238,0.0126,85,1530,11,0.0216,85,1530,13,0.0255,3138,56484,198,0.0105,3138,56484,209,0.0111
FM178379,3069,55242,228,0.0124,3069,55242,152,0.0083,1,18,0,0,1,18,0,0,3069,55242,263,0.0143,3069,55242,140,0.0076
CP006734,2519,45342,166,0.011,2519,45342,185,0.0122,39,702,10,0.0427,39,702,1,0.0043,2519,45342,152,0.0101,2519,45342,179,0.0118
AP009380,2090,37620,269,0.0215,2090,37620,96,0.0077,0,0,0,,0,0,0,,2090,37620,224,0.0179,2090,37620,122,0.0097
AP012554,825,14850,68,0.0137,825,14850,31,0.0063,0,0,0,,0,0,0,,825,14850,65,0.0131,825,14850,31,0.0063
AE017282,3057,55026,179,0.0098,3057,55026,281,0.0153,43,774,4,0.0155,43,774,9,0.0349,3057,55026,187,0.0102,3057,55026,262,0.0143
CP000910,3558,64044,257,0.012,3558,64044,326,0.0153,42,756,4,0.0159,42,756,4,0.0159,3558,64044,211,0.0099,3558,64044,306,0.0143
CP006597,3160,56880,230,0.0121,3160,56880,147,0.0078,67,1206,6,0.0149,67,1206,5,0.0124,3160,56880,231,0.0122,3160,56880,155,0.0082
CP003280,3242,58356,334,0.0172,3242,58356,195,0.01,35,630,0,0,35,630,0,0,3242,58356,307,0.0158,3242,58356,172,0.0088
CP007447,3064,55152,288,0.0157,3064,55152,122,0.0066,54,972,2,0.0062,54,972,8,0.0247,3064,55152,268,0.0146,3064,55152,106,0.0058
CP007152,4462,80316,503,0.0188,4462,80316,550,0.0205,40,720,5,0.0208,40,720,1,0.0042,4462,80316,504,0.0188,4462,80316,517,0.0193
CP000414,2073,37314,203,0.0163,2073,37314,109,0.0088,65,1170,1,0.0026,65,1170,6,0.0154,2073,37314,193,0.0155,2073,37314,92,0.0074
CP006939,3500,63000,304,0.0145,3500,63000,223,0.0106,37,666,2,0.009,37,666,2,0.009,3500,63000,284,0.0135,3500,63000,209,0.01
BA000026,1037,18666,0,0,1037,18666,0,0,0,0,0,,0,0,0,,1037,18666,0,0,1037,18666,0,0
FP929032,2559,46062,267,0.0174,2559,46062,135,0.0088,0,0,0,,0,0,0,,2559,46062,261,0.017,2559,46062,160,0.0104
CP007451,4155,74790,476,0.0191,4155,74790,228,0.0091,36,648,2,0.0093,36,648,1,0.0046,4155,74790,502,0.0201,4155,74790,241,0.0097
CP003557,2902,52236,229,0.0132,2902,52236,111,0.0064,30,540,1,0.0056,30,540,0,0,2902,52236,222,0.0127,2902,52236,114,0.0065
CP001643,3191,57438,115,0.006,3191,57438,197,0.0103,55,990,3,0.0091,55,990,3,0.0091,3191,57438,121,0.0063,3191,57438,217,0.0113
CP001706,2638,47484,341,0.0215,2638,47484,321,0.0203,59,1062,3,0.0085,59,1062,2,0.0056,2638,47484,364,0.023,2638,47484,325,0.0205
AP012057,4291,77238,220,0.0085,4291,77238,304,0.0118,0,0,0,,0,0,0,,4291,77238,286,0.0111,4291,77238,297,0.0115
AP007255,4559,82062,269,0.0098,4559,82062,495,0.0181,0,0,0,,0,0,0,,4559,82062,236,0.0086,4559,82062,441,0.0161
CP002038,4687,84366,474,0.0169,4687,84366,343,0.0122,87,1566,7,0.0134,87,1566,7,0.0134,4687,84366,463,0.0165,4687,84366,334,0.0119
AP006628,752,13536,55,0.0122,752,13536,23,0.0051,0,0,0,,0,0,0,,752,13536,67,0.0148,752,13536,26,0.0058
CP001614,4311,77598,448,0.0173,4311,77598,339,0.0131,36,648,5,0.0231,36,648,1,0.0046,4311,77598,465,0.018,4311,77598,355,0.0137
HG530068,7279,131022,400,0.0092,7279,131022,655,0.015,0,0,0,,0,0,0,,7279,131022,428,0.0098,7279,131022,693,0.0159
CP011301,5750,103500,406,0.0118,5750,103500,313,0.0091,81,1458,2,0.0041,81,1458,3,0.0062,5750,103500,432,0.0125,5750,103500,397,0.0115
CP000510,3861,69498,329,0.0142,3861,69498,204,0.0088,95,1710,5,0.0088,95,1710,0,0,3861,69498,386,0.0167,3861,69498,206,0.0089
CP000140,3965,71370,426,0.0179,3965,71370,171,0.0072,79,1422,7,0.0148,79,1422,4,0.0084,3965,71370,429,0.018,3965,71370,186,0.0078
CP002690,1910,34380,164,0.0143,1910,34380,86,0.0075,33,594,6,0.0303,33,594,2,0.0101,1910,34380,113,0.0099,1910,34380,77,0.0067
CP008788,5734,103212,501,0.0146,5734,103212,379,0.011,90,1620,3,0.0056,90,1620,11,0.0204,5734,103212,511,0.0149,5734,103212,373,0.0108
AP011529,2134,38412,194,0.0152,2134,38412,112,0.0087,0,0,0,,0,0,0,,2134,38412,167,0.013,2134,38412,98,0.0077
CP002106,1841,33138,95,0.0086,1841,33138,144,0.013,45,810,2,0.0074,45,810,5,0.0185,1841,33138,119,0.0108,1841,33138,197,0.0178
CP000750,4576,82368,111,0.004,4576,82368,360,0.0131,46,828,3,0.0109,46,828,3,0.0109,4576,82368,134,0.0049,4576,82368,356,0.013
LN614827,64,1152,4,0.0104,64,1152,9,0.0234,51,918,3,0.0098,51,918,9,0.0294,64,1152,4,0.0104,64,1152,5,0.013
AP012978,2404,43272,187,0.013,2404,43272,235,0.0163,1,18,0,0,1,18,0,0,2404,43272,221,0.0153,2404,43272,214,0.0148
CP002628,1858,33444,101,0.0091,1858,33444,129,0.0116,42,756,1,0.004,42,756,4,0.0159,1858,33444,129,0.0116,1858,33444,137,0.0123
CP000245,3927,70686,218,0.0093,3927,70686,443,0.0188,37,666,4,0.018,37,666,0,0,3927,70686,250,0.0106,3927,70686,393,0.0167
CP003255,3956,71208,229,0.0096,3956,71208,210,0.0088,78,1404,8,0.0171,78,1404,10,0.0214,3956,71208,200,0.0084,3956,71208,214,0.009
CP002444,1787,32166,115,0.0107,1787,32166,162,0.0151,40,720,3,0.0125,40,720,2,0.0083,1787,32166,97,0.009,1787,32166,134,0.0125
CP000316,4956,89208,419,0.0141,4956,89208,538,0.0181,44,792,3,0.0114,44,792,2,0.0076,4956,89208,443,0.0149,4956,89208,506,0.017
CP001854,6001,108018,248,0.0069,6001,108018,391,0.0109,43,774,3,0.0116,43,774,1,0.0039,6001,108018,197,0.0055,6001,108018,397,0.011
CP002281,1976,35568,123,0.0104,1976,35568,68,0.0057,62,1116,8,0.0215,62,1116,10,0.0269,1976,35568,124,0.0105,1976,35568,80,0.0067
AP010953,5609,100962,610,0.0181,5609,100962,402,0.0119,0,0,0,,0,0,0,,5609,100962,546,0.0162,5609,100962,401,0.0119
CP000879,2015,36270,156,0.0129,2015,36270,88,0.0073,47,846,2,0.0071,47,846,4,0.0142,2015,36270,142,0.0117,2015,36270,115,0.0095
AP013105,2281,41058,111,0.0081,2281,41058,161,0.0118,0,0,0,,0,0,0,,2281,41058,127,0.0093,2281,41058,147,0.0107
CP002452,2175,39150,150,0.0115,2175,39150,182,0.0139,45,810,0,0,45,810,1,0.0037,2175,39150,129,0.0099,2175,39150,159,0.0122
CP002901,3837,69066,276,0.012,3837,69066,371,0.0161,47,846,2,0.0071,47,846,7,0.0248,3837,69066,246,0.0107,3837,69066,390,0.0169
CP001100,2782,50076,297,0.0178,2782,50076,179,0.0107,47,846,9,0.0319,47,846,3,0.0106,2782,50076,278,0.0167,2782,50076,189,0.0113
AP010904,4629,83322,280,0.0101,4629,83322,459,0.0165,0,0,0,,0,0,0,,4629,83322,288,0.0104,4629,83322,468,0.0169
FO538765,3807,68526,242,0.0106,3807,68526,383,0.0168,41,738,3,0.0122,41,738,4,0.0163,3807,68526,247,0.0108,3807,68526,349,0.0153
CP007030,2126,38268,200,0.0157,2126,38268,180,0.0141,38,684,1,0.0044,38,684,10,0.0439,2126,38268,204,0.016,2126,38268,170,0.0133
CP001737,5471,98478,244,0.0074,5471,98478,467,0.0142,52,936,3,0.0096,52,936,7,0.0224,5471,98478,244,0.0074,5471,98478,426,0.013
AP009153,3935,70830,278,0.0118,3935,70830,420,0.0178,0,0,0,,0,0,0,,3935,70830,270,0.0114,3935,70830,415,0.0176
HE999757,3581,64458,259,0.0121,3581,64458,156,0.0073,0,0,0,,0,0,0,,3581,64458,240,0.0112,3581,64458,127,0.0059
CP006949,1637,29466,126,0.0128,1637,29466,112,0.0114,30,540,3,0.0167,30,540,4,0.0222,1637,29466,100,0.0102,1637,29466,109,0.0111
AP014624,4828,86904,524,0.0181,4828,86904,211,0.0073,0,0,0,,0,0,0,,4828,86904,526,0.0182,4828,86904,233,0.008
CP001275,1972,35496,94,0.0079,1972,35496,167,0.0141,35,630,0,0,35,630,1,0.0048,1972,35496,105,0.0089,1972,35496,158,0.0134
CP004348,2152,38736,156,0.0121,2152,38736,145,0.0112,32,576,5,0.026,32,576,1,0.0052,2152,38736,175,0.0136,2152,38736,134,0.0104
CP002273,4660,83880,410,0.0147,4660,83880,258,0.0092,54,972,5,0.0154,54,972,5,0.0154,4660,83880,430,0.0154,4660,83880,251,0.009
CP002623,4428,79704,414,0.0156,4428,79704,398,0.015,26,468,2,0.0128,26,468,2,0.0128,4428,79704,377,0.0142,4428,79704,325,0.0122
BX908798,2031,36558,156,0.0128,2031,36558,109,0.0089,0,0,0,,0,0,0,,2031,36558,156,0.0128,2031,36558,101,0.0083
CP003198,2109,37962,151,0.0119,2109,37962,145,0.0115,43,774,2,0.0078,43,774,3,0.0116,2109,37962,129,0.0102,2109,37962,130,0.0103
CP008804,1786,32148,140,0.0131,1786,32148,130,0.0121,50,900,1,0.0033,50,900,8,0.0267,1786,32148,163,0.0152,1786,32148,126,0.0118
CP002859,5698,102564,703,0.0206,5698,102564,421,0.0123,49,882,4,0.0136,49,882,6,0.0204,5698,102564,604,0.0177,5698,102564,376,0.011
FP929054,3155,56790,277,0.0146,3155,56790,204,0.0108,0,0,0,,0,0,0,,3155,56790,306,0.0162,3155,56790,186,0.0098
CP002361,2301,41418,70,0.0051,2301,41418,193,0.014,46,828,0,0,46,828,2,0.0072,2301,41418,77,0.0056,2301,41418,205,0.0148
CP003989,3880,69840,201,0.0086,3880,69840,414,0.0178,40,720,2,0.0083,40,720,2,0.0083,3880,69840,236,0.0101,3880,69840,350,0.015
CP006772,2356,42408,275,0.0195,2356,42408,134,0.0095,33,594,1,0.0051,33,594,1,0.0051,2356,42408,246,0.0174,2356,42408,113,0.008
AP012027,1704,30672,154,0.0151,1704,30672,72,0.007,0,0,0,,0,0,0,,1704,30672,126,0.0123,1704,30672,64,0.0063
CP002224,2869,51642,173,0.01,2869,51642,240,0.0139,48,864,3,0.0104,48,864,5,0.0174,2869,51642,171,0.0099,2869,51642,264,0.0153
CP001721,1422,25596,128,0.015,1422,25596,98,0.0115,44,792,3,0.0114,44,792,3,0.0114,1422,25596,136,0.0159,1422,25596,74,0.0087
CP002048,2440,43920,195,0.0133,2440,43920,180,0.0123,39,702,2,0.0085,39,702,5,0.0214,2440,43920,171,0.0117,2440,43920,151,0.0103
CP003659,5701,102618,550,0.0161,5701,102618,447,0.0131,75,1350,13,0.0289,75,1350,10,0.0222,5701,102618,513,0.015,5701,102618,418,0.0122
CP000976,858,15444,89,0.0173,858,15444,39,0.0076,24,432,4,0.0278,24,432,1,0.0069,858,15444,77,0.015,858,15444,27,0.0052
CP010327,3791,68238,550,0.0242,3791,68238,129,0.0057,99,1782,14,0.0236,99,1782,9,0.0152,3791,68238,517,0.0227,3791,68238,145,0.0064
CP002930,3779,68022,303,0.0134,3779,68022,300,0.0132,36,648,1,0.0046,36,648,3,0.0139,3779,68022,308,0.0136,3779,68022,275,0.0121
CP003788,5608,100944,324,0.0096,5608,100944,407,0.0121,72,1296,4,0.0093,72,1296,8,0.0185,5608,100944,341,0.0101,5608,100944,430,0.0128
CP010848,2118,38124,160,0.0126,2118,38124,163,0.0128,47,846,3,0.0106,47,846,1,0.0035,2118,38124,156,0.0123,2118,38124,182,0.0143
LK028559,1471,26478,117,0.0133,1471,26478,60,0.0068,0,0,0,,0,0,0,,1471,26478,106,0.012,1471,26478,55,0.0062
AP008955,5949,107082,509,0.0143,5949,107082,368,0.0103,0,0,0,,0,0,0,,5949,107082,494,0.0138,5949,107082,401,0.0112
CP001998,3192,57456,317,0.0166,3192,57456,325,0.017,38,684,3,0.0132,38,684,3,0.0132,3192,57456,343,0.0179,3192,57456,315,0.0164
CP003360,5639,101502,544,0.0161,5639,101502,378,0.0112,44,792,2,0.0076,44,792,1,0.0038,5639,101502,523,0.0155,5639,101502,352,0.0104
CP002422,2094,37692,232,0.0185,2094,37692,146,0.0116,62,1116,4,0.0108,62,1116,3,0.0081,2094,37692,248,0.0197,2094,37692,137,0.0109
AP012334,1497,26946,149,0.0166,1497,26946,108,0.012,43,774,7,0.0271,43,774,5,0.0194,1497,26946,155,0.0173,1497,26946,96,0.0107
CP004372,3588,64584,230,0.0107,3588,64584,285,0.0132,37,666,1,0.0045,37,666,4,0.018,3588,64584,248,0.0115,3588,64584,301,0.014
AP014521,614,11052,40,0.0109,614,11052,6,0.0016,0,0,0,,0,0,0,,614,11052,42,0.0114,614,11052,14,0.0038
CP003264,1610,28980,131,0.0136,1610,28980,92,0.0095,37,666,3,0.0135,37,666,5,0.0225,1610,28980,128,0.0133,1610,28980,100,0.0104
CP000448,2642,47556,161,0.0102,2642,47556,189,0.0119,58,1044,5,0.0144,58,1044,7,0.0201,2642,47556,179,0.0113,2642,47556,177,0.0112
CP002547,3439,61902,234,0.0113,3439,61902,198,0.0096,64,1152,5,0.013,64,1152,10,0.026,3439,61902,224,0.0109,3439,61902,209,0.0101
CP001804,6952,125136,370,0.0089,6952,125136,486,0.0117,48,864,2,0.0069,48,864,8,0.0278,6952,125136,394,0.0094,6952,125136,514,0.0123
CP001279,1794,32292,145,0.0135,1794,32292,90,0.0084,47,846,2,0.0071,47,846,8,0.0284,1794,32292,126,0.0117,1794,32292,79,0.0073
CP001629,3568,64224,303,0.0142,3568,64224,324,0.0151,58,1044,4,0.0115,58,1044,5,0.0144,3568,64224,285,0.0133,3568,64224,280,0.0131
CP002455,2181,39258,255,0.0195,2181,39258,93,0.0071,57,1026,6,0.0175,57,1026,5,0.0146,2181,39258,259,0.0198,2181,39258,101,0.0077
CP000038,4553,81954,418,0.0153,4553,81954,357,0.0131,89,1602,4,0.0075,89,1602,4,0.0075,4553,81954,442,0.0162,4553,81954,472,0.0173
CP010311,3287,59166,259,0.0131,3287,59166,243,0.0123,46,828,4,0.0145,46,828,0,0,3287,59166,289,0.0147,3287,59166,235,0.0119
CP001280,3978,71604,204,0.0085,3978,71604,304,0.0127,63,1134,4,0.0106,63,1134,7,0.0185,3978,71604,178,0.0075,3978,71604,264,0.0111
CP011280,1298,23364,119,0.0153,1298,23364,67,0.0086,38,684,7,0.0307,38,684,1,0.0044,1298,23364,90,0.0116,1298,23364,62,0.008
CP002156,2737,49266,171,0.0104,2737,49266,212,0.0129,32,576,4,0.0208,32,576,2,0.0104,2737,49266,153,0.0093,2737,49266,185,0.0113
CP001146,1973,35514,138,0.0117,1973,35514,117,0.0099,38,684,3,0.0132,38,684,5,0.0219,1973,35514,92,0.0078,1973,35514,101,0.0085
HF563609,2748,49464,207,0.0126,2748,49464,161,0.0098,68,1224,2,0.0049,68,1224,9,0.0221,2748,49464,201,0.0122,2748,49464,140,0.0085
FP475956,3685,66330,245,0.0111,3685,66330,301,0.0136,40,720,1,0.0042,40,720,2,0.0083,3685,66330,302,0.0137,3685,66330,405,0.0183
FQ859181,4969,89442,348,0.0117,4969,89442,409,0.0137,36,648,5,0.0231,36,648,1,0.0046,4969,89442,313,0.0105,4969,89442,389,0.013
CP003985,3560,64080,458,0.0214,3560,64080,271,0.0127,40,720,5,0.0208,40,720,4,0.0167,3560,64080,461,0.0216,3560,64080,256,0.012
AM743169,4430,79740,309,0.0116,4430,79740,505,0.019,1,18,0,0,1,18,0,0,4430,79740,272,0.0102,4430,79740,508,0.0191
CP002382,2476,44568,251,0.0169,2476,44568,193,0.013,29,522,2,0.0115,29,522,4,0.023,2476,44568,227,0.0153,2476,44568,208,0.014
CP006569,4097,73746,333,0.0135,4097,73746,308,0.0125,83,1494,4,0.008,83,1494,4,0.008,4097,73746,349,0.0142,4097,73746,324,0.0132
CP007051,1909,34362,167,0.0146,1909,34362,116,0.0101,39,702,5,0.0214,39,702,3,0.0128,1909,34362,137,0.012,1909,34362,100,0.0087
CP001185,2043,36774,156,0.0127,2043,36774,117,0.0095,43,774,2,0.0078,43,774,3,0.0116,2043,36774,130,0.0106,2043,36774,99,0.0081
AP012050,2411,43398,198,0.0137,2411,43398,99,0.0068,0,0,0,,0,0,0,,2411,43398,168,0.0116,2411,43398,103,0.0071
CP009761,1531,27558,104,0.0113,1531,27558,71,0.0077,42,756,2,0.0079,42,756,9,0.0357,1531,27558,105,0.0114,1531,27558,49,0.0053
CP006617,1302,23436,159,0.0204,1302,23436,92,0.0118,27,486,5,0.0309,27,486,4,0.0247,1302,23436,168,0.0215,1302,23436,96,0.0123
CP003415,4804,86472,508,0.0176,4804,86472,306,0.0106,85,1530,9,0.0176,85,1530,5,0.0098,4804,86472,558,0.0194,4804,86472,361,0.0125
CP000393,5124,92232,465,0.0151,5124,92232,305,0.0099,35,630,1,0.0048,35,630,1,0.0048,5124,92232,405,0.0132,5124,92232,291,0.0095
CP003946,4654,83772,398,0.0143,4654,83772,375,0.0134,80,1440,6,0.0125,80,1440,9,0.0187,4654,83772,421,0.0151,4654,83772,331,0.0119
AP014583,3527,63486,390,0.0184,3527,63486,158,0.0075,0,0,0,,0,0,0,,3527,63486,387,0.0183,3527,63486,144,0.0068
FM162591,4373,78714,440,0.0168,4373,78714,290,0.0111,0,0,0,,0,0,0,,4373,78714,426,0.0162,4373,78714,265,0.0101
CP000686,4682,84276,482,0.0172,4682,84276,381,0.0136,51,918,1,0.0033,51,918,8,0.0261,4682,84276,466,0.0166,4682,84276,365,0.013
CP002584,5340,96120,664,0.0207,5340,96120,271,0.0085,57,1026,2,0.0058,57,1026,4,0.0117,5340,96120,652,0.0203,5340,96120,314,0.0098
AP012338,3203,57654,45,0.0023,3203,57654,184,0.0096,0,0,0,,0,0,0,,3203,57654,67,0.0035,3203,57654,228,0.0119
AP012292,2826,50868,238,0.014,2826,50868,221,0.013,0,0,0,,0,0,0,,2826,50868,247,0.0146,2826,50868,191,0.0113
CP003403,4541,81738,486,0.0178,4541,81738,267,0.0098,82,1476,5,0.0102,82,1476,2,0.0041,4541,81738,447,0.0164,4541,81738,304,0.0112
CP003546,963,17334,92,0.0159,963,17334,44,0.0076,34,612,1,0.0049,34,612,0,0,963,17334,85,0.0147,963,17334,59,0.0102
CP007155,8878,159804,540,0.0101,8878,159804,925,0.0174,44,792,5,0.0189,44,792,3,0.0114,8878,159804,548,0.0103,8878,159804,812,0.0152
CP002479,4600,82800,284,0.0103,4600,82800,350,0.0127,58,1044,5,0.0144,58,1044,4,0.0115,4600,82800,292,0.0106,4600,82800,335,0.0121
FP929062,2993,53874,268,0.0149,2993,53874,201,0.0112,0,0,0,,0,0,0,,2993,53874,301,0.0168,2993,53874,173,0.0096
AP012046,2555,45990,199,0.013,2555,45990,134,0.0087,0,0,0,,0,0,0,,2555,45990,205,0.0134,2555,45990,112,0.0073
CP000628,3852,69336,255,0.011,3852,69336,294,0.0127,53,954,1,0.0031,53,954,2,0.0063,3852,69336,258,0.0112,3852,69336,289,0.0125
CP005996,2571,46278,272,0.0176,2571,46278,165,0.0107,34,612,3,0.0147,34,612,2,0.0098,2571,46278,270,0.0175,2571,46278,163,0.0106
CP005094,5213,93834,343,0.011,5213,93834,469,0.015,81,1458,5,0.0103,81,1458,4,0.0082,5213,93834,346,0.0111,5213,93834,480,0.0153
CP002028,3082,55476,240,0.013,3082,55476,200,0.0108,54,972,2,0.0062,54,972,8,0.0247,3082,55476,235,0.0127,3082,55476,183,0.0099
AP011112,1894,34092,138,0.0121,1894,34092,142,0.0125,0,0,0,,0,0,0,,1894,34092,125,0.011,1894,34092,147,0.0129
CP001080,1829,32922,135,0.0123,1829,32922,101,0.0092,42,756,1,0.004,42,756,1,0.004,1829,32922,124,0.0113,1829,32922,84,0.0077
CP010557,5075,91350,402,0.0132,5075,91350,300,0.0099,107,1926,7,0.0109,107,1926,5,0.0078,5075,91350,438,0.0144,5075,91350,339,0.0111
HF571988,4350,78300,422,0.0162,4350,78300,361,0.0138,24,432,1,0.0069,24,432,5,0.0347,4350,78300,412,0.0158,4350,78300,348,0.0133
CP001429,622,11196,52,0.0139,622,11196,30,0.008,32,576,1,0.0052,32,576,3,0.0156,622,11196,51,0.0137,622,11196,23,0.0062
CP003947,3539,63702,286,0.0135,3539,63702,184,0.0087,35,630,2,0.0095,35,630,5,0.0238,3539,63702,265,0.0125,3539,63702,162,0.0076
CP000238,651,11718,53,0.0136,651,11718,19,0.0049,35,630,2,0.0095,35,630,1,0.0048,651,11718,46,0.0118,651,11718,31,0.0079
CP007142,6007,108126,686,0.019,6007,108126,512,0.0142,43,774,2,0.0078,43,774,4,0.0155,6007,108126,707,0.0196,6007,108126,490,0.0136
CP001096,5383,96894,368,0.0114,5383,96894,465,0.0144,54,972,4,0.0123,54,972,4,0.0123,5383,96894,348,0.0108,5383,96894,417,0.0129
CP002593,6750,121500,287,0.0071,6750,121500,476,0.0118,70,1260,7,0.0167,70,1260,6,0.0143,6750,121500,264,0.0065,6750,121500,437,0.0108
CP003382,3824,68832,239,0.0104,3824,68832,344,0.015,60,1080,3,0.0083,60,1080,3,0.0083,3824,68832,237,0.0103,3824,68832,340,0.0148
CP001700,9128,164304,477,0.0087,9128,164304,757,0.0138,81,1458,4,0.0082,81,1458,5,0.0103,9128,164304,492,0.009,9128,164304,769,0.014
CP000812,2110,37980,175,0.0138,2110,37980,142,0.0112,36,648,3,0.0139,36,648,1,0.0046,2110,37980,148,0.0117,2110,37980,133,0.0105
CP002985,3336,60048,245,0.0122,3336,60048,371,0.0185,62,1116,3,0.0081,62,1116,12,0.0323,3336,60048,256,0.0128,3336,60048,313,0.0156
CP010812,3729,67122,374,0.0167,3729,67122,267,0.0119,97,1746,17,0.0292,97,1746,4,0.0069,3729,67122,378,0.0169,3729,67122,273,0.0122
CP001184,692,12456,4,0.001,692,12456,3,0.0007,27,486,4,0.0247,27,486,3,0.0185,692,12456,1,0.0002,692,12456,1,0.0002
FO117623,4844,87192,182,0.0063,4844,87192,358,0.0123,0,0,0,,0,0,0,,4844,87192,179,0.0062,4844,87192,328,0.0113
AP012051,1582,28476,105,0.0111,1582,28476,86,0.0091,0,0,0,,0,0,0,,1582,28476,94,0.0099,1582,28476,90,0.0095
CP006704,5741,103338,479,0.0139,5741,103338,557,0.0162,114,2052,4,0.0058,114,2052,3,0.0044,5741,103338,480,0.0139,5741,103338,558,0.0162
CP003156,3563,64134,407,0.019,3563,64134,247,0.0116,33,594,3,0.0152,33,594,1,0.0051,3563,64134,390,0.0182,3563,64134,259,0.0121
CP006587,4180,75240,292,0.0116,4180,75240,439,0.0175,42,756,2,0.0079,42,756,5,0.0198,4180,75240,303,0.0121,4180,75240,524,0.0209
CP000453,2940,52920,172,0.0098,2940,52920,277,0.0157,48,864,0,0,48,864,2,0.0069,2940,52920,176,0.01,2940,52920,294,0.0167
AP012495,7270,130860,608,0.0139,7270,130860,521,0.0119,0,0,0,,0,0,0,,7270,130860,598,0.0137,7270,130860,561,0.0129
CP001110,2979,53622,312,0.0175,2979,53622,218,0.0122,67,1206,4,0.01,67,1206,9,0.0224,2979,53622,344,0.0192,2979,53622,247,0.0138
CP003984,3092,55656,278,0.015,3092,55656,288,0.0155,31,558,7,0.0376,31,558,0,0,3092,55656,250,0.0135,3092,55656,290,0.0156
CP001055,1599,28782,108,0.0113,1599,28782,49,0.0051,32,576,4,0.0208,32,576,0,0,1599,28782,103,0.0107,1599,28782,52,0.0054
CP003592,3703,66654,280,0.0126,3703,66654,333,0.015,42,756,0,0,42,756,2,0.0079,3703,66654,241,0.0108,3703,66654,305,0.0137
CP001686,2694,48492,92,0.0057,2694,48492,287,0.0178,45,810,3,0.0111,45,810,2,0.0074,2694,48492,135,0.0084,2694,48492,234,0.0145
CP002045,1885,33930,206,0.0182,1885,33930,175,0.0155,66,1188,8,0.0202,66,1188,3,0.0076,1885,33930,178,0.0157,1885,33930,147,0.013
CP003879,3950,71100,388,0.0164,3950,71100,191,0.0081,33,594,2,0.0101,33,594,2,0.0101,3950,71100,355,0.015,3950,71100,177,0.0075
CP007139,4870,87660,230,0.0079,4870,87660,450,0.0154,40,720,0,0,40,720,2,0.0083,4870,87660,245,0.0084,4870,87660,472,0.0162
CP001147,2089,37602,163,0.013,2089,37602,96,0.0077,40,720,5,0.0208,40,720,1,0.0042,2089,37602,155,0.0124,2089,37602,111,0.0089
CP004345,3624,65232,434,0.02,3624,65232,160,0.0074,80,1440,7,0.0146,80,1440,5,0.0104,3624,65232,463,0.0213,3624,65232,146,0.0067
CP000613,4102,73836,182,0.0074,4102,73836,281,0.0114,53,954,0,0,53,954,1,0.0031,4102,73836,207,0.0084,4102,73836,303,0.0123
CP001281,4066,73188,220,0.009,4066,73188,328,0.0134,72,1296,4,0.0093,72,1296,3,0.0069,4066,73188,237,0.0097,4066,73188,373,0.0153
CP003746,3887,69966,395,0.0169,3887,69966,375,0.0161,51,918,3,0.0098,51,918,3,0.0098,3887,69966,439,0.0188,3887,69966,408,0.0175
CP004083,4363,78534,415,0.0159,4363,78534,260,0.0099,73,1314,3,0.0068,73,1314,2,0.0046,4363,78534,430,0.0164,4363,78534,290,0.0111
CP002157,3459,62262,332,0.016,3459,62262,221,0.0106,26,468,1,0.0064,26,468,2,0.0128,3459,62262,331,0.0159,3459,62262,196,0.0094
CP010310,5020,90360,379,0.0126,5020,90360,392,0.013,88,1584,13,0.0246,88,1584,8,0.0152,5020,90360,413,0.0137,5020,90360,459,0.0152
CP002287,6532,117576,491,0.0125,6532,117576,621,0.0158,57,1026,5,0.0146,57,1026,4,0.0117,6532,117576,481,0.0123,6532,117576,647,0.0165
CU207366,3584,64512,312,0.0145,3584,64512,198,0.0092,0,0,0,,0,0,0,,3584,64512,297,0.0138,3584,64512,206,0.0096
CP002638,6013,108234,318,0.0088,6013,108234,435,0.0121,40,720,4,0.0167,40,720,3,0.0125,6013,108234,312,0.0086,6013,108234,436,0.0121
CP003183,2726,49068,253,0.0155,2726,49068,273,0.0167,41,738,1,0.0041,41,738,4,0.0163,2726,49068,211,0.0129,2726,49068,264,0.0161
AP012342,2421,43578,208,0.0143,2421,43578,245,0.0169,0,0,0,,0,0,0,,2421,43578,215,0.0148,2421,43578,207,0.0143
CP001628,2345,42210,78,0.0055,2345,42210,168,0.0119,51,918,1,0.0033,51,918,3,0.0098,2345,42210,97,0.0069,2345,42210,187,0.0133
CP002395,2409,43362,186,0.0129,2409,43362,176,0.0122,24,432,3,0.0208,24,432,2,0.0139,2409,43362,201,0.0139,2409,43362,149,0.0103
CP001940,2733,49194,186,0.0113,2733,49194,239,0.0146,52,936,1,0.0032,52,936,8,0.0256,2733,49194,206,0.0126,2733,49194,264,0.0161
CP000828,6396,115128,521,0.0136,6396,115128,555,0.0145,61,1098,9,0.0246,61,1098,4,0.0109,6396,115128,514,0.0134,6396,115128,590,0.0154
CP002116,4363,78534,382,0.0146,4363,78534,319,0.0122,44,792,3,0.0114,44,792,2,0.0076,4363,78534,359,0.0137,4363,78534,246,0.0094
CP002546,4865,87570,435,0.0149,4865,87570,351,0.012,47,846,4,0.0142,47,846,6,0.0213,4865,87570,395,0.0135,4865,87570,371,0.0127
CP003642,6238,112284,613,0.0164,6238,112284,509,0.0136,75,1350,8,0.0178,75,1350,10,0.0222,6238,112284,581,0.0155,6238,112284,493,0.0132
CP000449,3133,56394,210,0.0112,3133,56394,249,0.0132,42,756,4,0.0159,42,756,3,0.0119,3133,56394,235,0.0125,3133,56394,246,0.0131
AP013066,2982,53676,237,0.0132,2982,53676,278,0.0155,0,0,0,,0,0,0,,2982,53676,277,0.0155,2982,53676,300,0.0168
AP009484,1959,35262,179,0.0152,1959,35262,76,0.0065,0,0,0,,0,0,0,,1959,35262,163,0.0139,1959,35262,72,0.0061
CP001034,3000,54000,265,0.0147,3000,54000,162,0.009,39,702,6,0.0256,39,702,2,0.0085,3000,54000,237,0.0132,3000,54000,140,0.0078
AM999887,1384,24912,133,0.016,1384,24912,54,0.0065,1,18,0,0,1,18,0,0,1384,24912,138,0.0166,1384,24912,62,0.0075
FP929038,2985,53730,322,0.018,2985,53730,234,0.0131,0,0,0,,0,0,0,,2985,53730,299,0.0167,2985,53730,214,0.0119
CP002835,4046,72828,370,0.0152,4046,72828,282,0.0116,91,1638,9,0.0165,91,1638,12,0.022,4046,72828,337,0.0139,4046,72828,292,0.012
CP000388,4392,79056,510,0.0194,4392,79056,255,0.0097,68,1224,9,0.0221,68,1224,4,0.0098,4392,79056,544,0.0206,4392,79056,273,0.0104
CP001825,1937,34866,127,0.0109,1937,34866,139,0.012,49,882,2,0.0068,49,882,5,0.017,1937,34866,145,0.0125,1937,34866,152,0.0131
AP014648,3342,60156,240,0.012,3342,60156,280,0.014,0,0,0,,0,0,0,,3342,60156,200,0.01,3342,60156,262,0.0131
CP002209,3947,71046,324,0.0137,3947,71046,407,0.0172,124,2232,11,0.0148,124,2232,22,0.0296,3947,71046,331,0.014,3947,71046,399,0.0168
CP003418,3245,58410,318,0.0163,3245,58410,129,0.0066,34,612,2,0.0098,34,612,2,0.0098,3245,58410,266,0.0137,3245,58410,115,0.0059
CP001560,4017,72306,438,0.0182,4017,72306,355,0.0147,95,1710,7,0.0123,95,1710,9,0.0158,4017,72306,442,0.0183,4017,72306,327,0.0136
CP001130,1694,30492,144,0.0142,1694,30492,102,0.01,36,648,1,0.0046,36,648,0,0,1694,30492,98,0.0096,1694,30492,100,0.0098
CP001999,3220,57960,225,0.0116,3220,57960,121,0.0063,59,1062,4,0.0113,59,1062,5,0.0141,3220,57960,211,0.0109,3220,57960,96,0.005
CP002198,5664,101952,545,0.016,5664,101952,380,0.0112,54,972,2,0.0062,54,972,5,0.0154,5664,101952,504,0.0148,5664,101952,312,0.0092
CP003273,4755,85590,387,0.0136,4755,85590,313,0.011,70,1260,6,0.0143,70,1260,5,0.0119,4755,85590,370,0.013,4755,85590,327,0.0115
CP003789,1433,25794,139,0.0162,1433,25794,50,0.0058,43,774,2,0.0078,43,774,1,0.0039,1433,25794,132,0.0154,1433,25794,66,0.0077
CP002874,2923,52614,184,0.0105,2923,52614,55,0.0031,30,540,4,0.0222,30,540,0,0,2923,52614,157,0.009,2923,52614,54,0.0031
CP000849,1511,27198,184,0.0203,1511,27198,65,0.0072,25,450,0,0,25,450,4,0.0267,1511,27198,155,0.0171,1511,27198,48,0.0053
CP001472,3497,62946,214,0.0102,3497,62946,295,0.0141,34,612,1,0.0049,34,612,2,0.0098,3497,62946,250,0.0119,3497,62946,295,0.0141
CP002049,3046,54828,118,0.0065,3046,54828,224,0.0123,45,810,2,0.0074,45,810,0,0,3046,54828,132,0.0072,3046,54828,214,0.0117
CP002360,3033,54594,232,0.0127,3033,54594,192,0.0106,42,756,4,0.0159,42,756,2,0.0079,3033,54594,194,0.0107,3033,54594,209,0.0115
CP006773,4189,75402,319,0.0127,4189,75402,369,0.0147,57,1026,1,0.0029,57,1026,1,0.0029,4189,75402,295,0.0117,4189,75402,310,0.0123
CP002858,2399,43182,253,0.0176,2399,43182,147,0.0102,44,792,2,0.0076,44,792,3,0.0114,2399,43182,240,0.0167,2399,43182,101,0.007
CP001798,4015,72270,321,0.0133,4015,72270,444,0.0184,64,1152,4,0.0104,64,1152,2,0.0052,4015,72270,357,0.0148,4015,72270,386,0.016
CP001632,2255,40590,252,0.0186,2255,40590,88,0.0065,46,828,4,0.0145,46,828,1,0.0036,2255,40590,262,0.0194,2255,40590,92,0.0068
AP014633,3964,71352,310,0.013,3964,71352,285,0.012,0,0,0,,0,0,0,,3964,71352,351,0.0148,3964,71352,338,0.0142
CP000473,8002,144036,509,0.0106,8002,144036,662,0.0138,47,846,1,0.0035,47,846,5,0.0177,8002,144036,540,0.0112,8002,144036,671,0.014
CP004349,2676,48168,253,0.0158,2676,48168,102,0.0064,32,576,3,0.0156,32,576,1,0.0052,2676,48168,254,0.0158,2676,48168,103,0.0064
CP001848,4825,86850,297,0.0103,4825,86850,461,0.0159,42,756,4,0.0159,42,756,1,0.004,4825,86850,251,0.0087,4825,86850,417,0.0144
AP009152,2356,42408,118,0.0083,2356,42408,182,0.0129,0,0,0,,0,0,0,,2356,42408,152,0.0108,2356,42408,231,0.0163
CP003926,3543,63774,312,0.0147,3543,63774,292,0.0137,50,900,4,0.0133,50,900,11,0.0367,3543,63774,307,0.0144,3543,63774,290,0.0136
CP001736,7149,128682,340,0.0079,7149,128682,604,0.0141,60,1080,8,0.0222,60,1080,6,0.0167,7149,128682,329,0.0077,7149,128682,557,0.013
CP000961,5096,91728,440,0.0144,5096,91728,275,0.009,146,2628,16,0.0183,146,2628,14,0.016,5096,91728,478,0.0156,5096,91728,286,0.0094
CP001673,2582,46476,245,0.0158,2582,46476,153,0.0099,34,612,2,0.0098,34,612,2,0.0098,2582,46476,257,0.0166,2582,46476,127,0.0082
FP565814,3086,55548,197,0.0106,3086,55548,297,0.016,0,0,0,,0,0,0,,3086,55548,203,0.011,3086,55548,337,0.0182
CP007031,3333,59994,193,0.0097,3333,59994,313,0.0157,56,1008,3,0.0089,56,1008,2,0.006,3333,59994,212,0.0106,3333,59994,339,0.017
CP002663,3754,67572,369,0.0164,3754,67572,352,0.0156,43,774,6,0.0233,43,774,1,0.0039,3754,67572,374,0.0166,3754,67572,375,0.0166
CP003422,7578,136404,525,0.0115,7578,136404,529,0.0116,118,2124,12,0.0169,118,2124,12,0.0169,7578,136404,487,0.0107,7578,136404,567,0.0125
CP002162,6362,114516,277,0.0073,6362,114516,440,0.0115,44,792,1,0.0038,44,792,1,0.0038,6362,114516,280,0.0073,6362,114516,376,0.0099
CP002027,911,16398,6,0.0011,911,16398,10,0.0018,27,486,3,0.0185,27,486,6,0.037,911,16398,1,0.0002,911,16398,2,0.0004
AP012224,4015,72270,334,0.0139,4015,72270,340,0.0141,0,0,0,,0,0,0,,4015,72270,409,0.017,4015,72270,381,0.0158
CP001037,6507,117126,634,0.0162,6507,117126,502,0.0129,86,1548,2,0.0039,86,1548,11,0.0213,6507,117126,598,0.0153,6507,117126,497,0.0127
CP001349,7768,139824,321,0.0069,7768,139824,580,0.0124,96,1728,2,0.0035,96,1728,12,0.0208,7768,139824,349,0.0075,7768,139824,611,0.0131
AP012273,2862,51516,297,0.0173,2862,51516,343,0.02,1,18,0,0,1,18,0,0,2862,51516,240,0.014,2862,51516,331,0.0193
CP009450,5038,90684,447,0.0148,5038,90684,302,0.01,100,1800,4,0.0067,100,1800,10,0.0167,5038,90684,424,0.014,5038,90684,321,0.0106
AP012320,4706,84708,216,0.0076,4706,84708,402,0.0142,0,0,0,,0,0,0,,4706,84708,229,0.0081,4706,84708,428,0.0152
CP003732,2897,52146,191,0.011,2897,52146,209,0.012,36,648,2,0.0093,36,648,1,0.0046,2897,52146,172,0.0099,2897,52146,230,0.0132
BA000039,2475,44550,199,0.0134,2475,44550,304,0.0205,0,0,0,,0,0,0,,2475,44550,195,0.0131,2475,44550,265,0.0178
CP001099,2141,38538,227,0.0177,2141,38538,206,0.016,55,990,6,0.0182,55,990,4,0.0121,2141,38538,204,0.0159,2141,38538,199,0.0155
CP003620,4757,85626,487,0.0171,4757,85626,275,0.0096,33,594,5,0.0253,33,594,0,0,4757,85626,474,0.0166,4757,85626,243,0.0085
CP001867,5156,92808,165,0.0053,5156,92808,403,0.013,66,1188,3,0.0076,66,1188,3,0.0076,5156,92808,191,0.0062,5156,92808,346,0.0112
CP006265,2646,47628,275,0.0173,2646,47628,147,0.0093,49,882,5,0.017,49,882,8,0.0272,2646,47628,267,0.0168,2646,47628,149,0.0094
CP007161,3934,70812,351,0.0149,3934,70812,226,0.0096,58,1044,7,0.0201,58,1044,4,0.0115,3934,70812,358,0.0152,3934,70812,211,0.0089
CP001631,2095,37710,101,0.008,2095,37710,197,0.0157,60,1080,3,0.0083,60,1080,6,0.0167,2095,37710,80,0.0064,2095,37710,220,0.0175
FP929056,1435,25830,72,0.0084,1435,25830,79,0.0092,0,0,0,,0,0,0,,1435,25830,75,0.0087,1435,25830,94,0.0109
CP002158,3131,56358,242,0.0129,3131,56358,162,0.0086,45,810,2,0.0074,45,810,1,0.0037,3131,56358,241,0.0128,3131,56358,150,0.008
CP002271,8407,151326,411,0.0081,8407,151326,828,0.0164,43,774,4,0.0155,43,774,4,0.0155,8407,151326,424,0.0084,8407,151326,837,0.0166
CP007566,4492,80856,458,0.017,4492,80856,442,0.0164,125,2250,12,0.016,125,2250,15,0.02,4492,80856,450,0.0167,4492,80856,437,0.0162
CP003876,8471,152478,566,0.0111,8471,152478,584,0.0115,41,738,2,0.0081,41,738,6,0.0244,8471,152478,496,0.0098,8471,152478,589,0.0116
CP009217,1780,32040,163,0.0153,1780,32040,94,0.0088,33,594,2,0.0101,33,594,2,0.0101,1780,32040,126,0.0118,1780,32040,100,0.0094
HE956757,3666,65988,177,0.008,3666,65988,244,0.0111,0,0,0,,0,0,0,,3666,65988,180,0.0082,3666,65988,251,0.0114
CP000061,706,12708,63,0.0149,706,12708,33,0.0078,30,540,7,0.0389,30,540,2,0.0111,706,12708,50,0.0118,706,12708,26,0.0061
CP003837,5695,102510,622,0.0182,5695,102510,380,0.0111,68,1224,10,0.0245,68,1224,5,0.0123,5695,102510,610,0.0179,5695,102510,371,0.0109
CP002725,1397,25146,165,0.0197,1397,25146,63,0.0075,42,756,4,0.0159,42,756,2,0.0079,1397,25146,148,0.0177,1397,25146,57,0.0068
AP012551,5122,92196,392,0.0128,5122,92196,401,0.013,0,0,0,,0,0,0,,5122,92196,466,0.0152,5122,92196,471,0.0153
AP012044,4656,83808,357,0.0128,4656,83808,281,0.0101,0,0,0,,0,0,0,,4656,83808,344,0.0123,4656,83808,291,0.0104
CP004393,4443,79974,282,0.0106,4443,79974,310,0.0116,34,612,1,0.0049,34,612,0,0,4443,79974,302,0.0113,4443,79974,307,0.0115
CP000153,2163,38934,165,0.0127,2163,38934,87,0.0067,45,810,3,0.0111,45,810,0,0,2163,38934,150,0.0116,2163,38934,78,0.006
CP000850,5173,93114,274,0.0088,5173,93114,499,0.0161,66,1188,2,0.0051,66,1188,12,0.0303,5173,93114,291,0.0094,5173,93114,435,0.014
CP001312,3587,64566,185,0.0086,3587,64566,254,0.0118,37,666,1,0.0045,37,666,3,0.0135,3587,64566,177,0.0082,3587,64566,266,0.0124
CP001607,2348,42264,254,0.018,2348,42264,116,0.0082,57,1026,9,0.0263,57,1026,6,0.0175,2348,42264,216,0.0153,2348,42264,132,0.0094
CP002355,2607,46926,247,0.0158,2607,46926,160,0.0102,44,792,3,0.0114,44,792,9,0.0341,2607,46926,200,0.0128,2607,46926,126,0.0081
CP003051,3698,66564,204,0.0092,3698,66564,385,0.0174,57,1026,1,0.0029,57,1026,3,0.0088,3698,66564,190,0.0086,3698,66564,344,0.0155
CP000387,2348,42264,159,0.0113,2348,42264,114,0.0081,54,972,6,0.0185,54,972,2,0.0062,2348,42264,156,0.0111,2348,42264,138,0.0098
CP000554,3136,56448,251,0.0133,3136,56448,375,0.0199,84,1512,6,0.0119,84,1512,9,0.0179,3136,56448,212,0.0113,3136,56448,281,0.0149
CP000411,1864,33552,137,0.0122,1864,33552,124,0.0111,36,648,2,0.0093,36,648,6,0.0278,1864,33552,123,0.011,1864,33552,81,0.0072
CP001650,4713,84834,367,0.013,4713,84834,278,0.0098,46,828,3,0.0109,46,828,2,0.0072,4713,84834,437,0.0155,4713,84834,264,0.0093
CP003801,1531,27558,106,0.0115,1531,27558,65,0.0071,26,468,1,0.0064,26,468,1,0.0064,1531,27558,81,0.0088,1531,27558,65,0.0071
CP002343,3710,66780,155,0.007,3710,66780,296,0.0133,48,864,2,0.0069,48,864,2,0.0069,3710,66780,180,0.0081,3710,66780,292,0.0131
CP003944,3684,66312,338,0.0153,3684,66312,248,0.0112,75,1350,11,0.0244,75,1350,6,0.0133,3684,66312,333,0.0151,3684,66312,307,0.0139
CP002085,3355,60390,167,0.0083,3355,60390,413,0.0205,37,666,3,0.0135,37,666,3,0.0135,3355,60390,149,0.0074,3355,60390,370,0.0184
CP000542,5070,91260,388,0.0128,5070,91260,653,0.0215,53,954,7,0.022,53,954,9,0.0283,5070,91260,362,0.0119,5070,91260,627,0.0206
CP010954,4440,79920,243,0.0091,4440,79920,413,0.0155,51,918,6,0.0196,51,918,3,0.0098,4440,79920,248,0.0093,4440,79920,401,0.0151
AP012547,3587,64566,242,0.0112,3587,64566,319,0.0148,0,0,0,,0,0,0,,3587,64566,265,0.0123,3587,64566,307,0.0143
CP003155,3283,59094,318,0.0161,3283,59094,266,0.0135,48,864,5,0.0174,48,864,4,0.0139,3283,59094,293,0.0149,3283,59094,256,0.013
AP012052,3676,66168,158,0.0072,3676,66168,240,0.0109,0,0,0,,0,0,0,,3676,66168,179,0.0081,3676,66168,225,0.0102
CP007053,6045,108810,388,0.0107,6045,108810,576,0.0159,34,612,1,0.0049,34,612,1,0.0049,6045,108810,426,0.0117,6045,108810,598,0.0165
FP236843,4596,82728,399,0.0145,4596,82728,368,0.0133,0,0,0,,0,0,0,,4596,82728,385,0.014,4596,82728,333,0.0121
CP002528,3049,54882,387,0.0212,3049,54882,163,0.0089,39,702,1,0.0043,39,702,0,0,3049,54882,377,0.0206,3049,54882,155,0.0085
AP012029,3177,57186,246,0.0129,3177,57186,244,0.0128,0,0,0,,0,0,0,,3177,57186,252,0.0132,3177,57186,252,0.0132
CP003591,3912,70416,233,0.0099,3912,70416,389,0.0166,38,684,1,0.0044,38,684,4,0.0175,3912,70416,261,0.0111,3912,70416,448,0.0191
CP007028,1691,30438,119,0.0117,1691,30438,169,0.0167,27,486,1,0.0062,27,486,1,0.0062,1691,30438,104,0.0103,1691,30438,144,0.0142
CP000352,3870,69660,300,0.0129,3870,69660,358,0.0154,49,882,5,0.017,49,882,2,0.0068,3870,69660,320,0.0138,3870,69660,420,0.0181
CP001810,2998,53964,284,0.0158,2998,53964,148,0.0082,48,864,4,0.0139,48,864,2,0.0069,2998,53964,289,0.0161,2998,53964,139,0.0077
CP010978,4857,87426,367,0.0126,4857,87426,273,0.0094,83,1494,5,0.01,83,1494,6,0.012,4857,87426,377,0.0129,4857,87426,251,0.0086
CP002046,2744,49392,362,0.022,2744,49392,137,0.0083,29,522,2,0.0115,29,522,0,0,2744,49392,343,0.0208,2744,49392,116,0.007
CP001685,2370,42660,147,0.0103,2370,42660,54,0.0038,62,1116,8,0.0215,62,1116,3,0.0081,2370,42660,152,0.0107,2370,42660,53,0.0037
AE014184,862,15516,94,0.0182,862,15516,64,0.0124,39,702,5,0.0214,39,702,3,0.0128,862,15516,104,0.0201,862,15516,44,0.0085
CP009962,5082,91476,516,0.0169,5082,91476,437,0.0143,55,990,3,0.0091,55,990,11,0.0333,5082,91476,525,0.0172,5082,91476,462,0.0152
CP006681,1103,19854,2,0.0003,1103,19854,6,0.0009,26,468,2,0.0128,26,468,6,0.0385,1103,19854,2,0.0003,1103,19854,5,0.0008
CP002292,3748,67464,215,0.0096,3748,67464,272,0.0121,58,1044,5,0.0144,58,1044,6,0.0172,3748,67464,217,0.0096,3748,67464,266,0.0118
CP011144,3242,58356,133,0.0068,3242,58356,312,0.016,41,738,4,0.0163,41,738,0,0,3242,58356,165,0.0085,3242,58356,394,0.0203
CP003600,5950,107100,492,0.0138,5950,107100,532,0.0149,63,1134,7,0.0185,63,1134,2,0.0053,5950,107100,505,0.0141,5950,107100,614,0.0172
CP005384,2289,41202,291,0.0212,2289,41202,128,0.0093,66,1188,6,0.0152,66,1188,2,0.0051,2289,41202,270,0.0197,2289,41202,91,0.0066
CP001778,6542,117756,480,0.0122,6542,117756,582,0.0148,46,828,3,0.0109,46,828,3,0.0109,6542,117756,403,0.0103,6542,117756,567,0.0144
CP003315,679,12222,52,0.0128,679,12222,12,0.0029,34,612,6,0.0294,34,612,1,0.0049,679,12222,48,0.0118,679,12222,9,0.0022
CP001851,2220,39960,166,0.0125,2220,39960,171,0.0128,38,684,3,0.0132,38,684,5,0.0219,2220,39960,171,0.0128,2220,39960,190,0.0143
CP003495,3437,61866,139,0.0067,3437,61866,528,0.0256,37,666,0,0,37,666,4,0.018,3437,61866,114,0.0055,3437,61866,454,0.022
AP012204,5359,96462,332,0.0103,5359,96462,521,0.0162,0,0,0,,0,0,0,,5359,96462,286,0.0089,5359,96462,518,0.0161
CP002512,2024,36432,121,0.01,2024,36432,110,0.0091,58,1044,3,0.0086,58,1044,5,0.0144,2024,36432,127,0.0105,2024,36432,111,0.0091
CP003587,4562,82116,341,0.0125,4562,82116,429,0.0157,39,702,4,0.0171,39,702,6,0.0256,4562,82116,365,0.0133,4562,82116,394,0.0144
AP009389,2920,52560,206,0.0118,2920,52560,204,0.0116,0,0,0,,0,0,0,,2920,52560,173,0.0099,2920,52560,181,0.0103
HE717023,4121,74178,332,0.0134,4121,74178,212,0.0086,0,0,0,,0,0,0,,4121,74178,299,0.0121,4121,74178,222,0.009
CP007481,910,16380,118,0.0216,910,16380,58,0.0106,27,486,6,0.037,27,486,2,0.0123,910,16380,95,0.0174,910,16380,52,0.0095
CP002683,2291,41238,129,0.0094,2291,41238,166,0.0121,45,810,2,0.0074,45,810,2,0.0074,2291,41238,136,0.0099,2291,41238,170,0.0124
CP002400,2875,51750,226,0.0131,2875,51750,170,0.0099,75,1350,7,0.0156,75,1350,6,0.0133,2875,51750,238,0.0138,2875,51750,168,0.0097
CP001739,4195,75510,323,0.0128,4195,75510,167,0.0066,45,810,4,0.0148,45,810,3,0.0111,4195,75510,321,0.0128,4195,75510,162,0.0064
AM902716,5035,90630,349,0.0116,5035,90630,474,0.0157,0,0,0,,0,0,0,,5035,90630,340,0.0113,5035,90630,561,0.0186
CP000083,5054,90972,494,0.0163,5054,90972,209,0.0069,108,1944,10,0.0154,108,1944,1,0.0015,5054,90972,451,0.0149,5054,90972,240,0.0079
CP002544,3746,67428,356,0.0158,3746,67428,135,0.006,60,1080,5,0.0139,60,1080,1,0.0028,3746,67428,382,0.017,3746,67428,171,0.0076
CP001738,5061,91098,193,0.0064,5061,91098,367,0.0121,69,1242,8,0.0193,69,1242,6,0.0145,5061,91098,200,0.0066,5061,91098,328,0.0108
CP001807,2858,51444,193,0.0113,2858,51444,251,0.0146,42,756,2,0.0079,42,756,5,0.0198,2858,51444,186,0.0108,2858,51444,283,0.0165
CP002006,2860,51480,306,0.0178,2860,51480,135,0.0079,47,846,4,0.0142,47,846,2,0.0071,2860,51480,292,0.017,2860,51480,174,0.0101
CP001016,3740,67320,258,0.0115,3740,67320,295,0.0131,68,1224,2,0.0049,68,1224,4,0.0098,3740,67320,232,0.0103,3740,67320,295,0.0131
CP006696,2728,49104,325,0.0199,2728,49104,277,0.0169,41,738,8,0.0325,41,738,4,0.0163,2728,49104,327,0.02,2728,49104,331,0.0202
CP000884,6153,110754,482,0.0131,6153,110754,691,0.0187,87,1566,7,0.0134,87,1566,11,0.0211,6153,110754,550,0.0149,6153,110754,756,0.0205
AM889285,3864,69552,245,0.0106,3864,69552,323,0.0139,8,144,1,0.0208,8,144,1,0.0208,3864,69552,208,0.009,3864,69552,339,0.0146
CP000492,2799,50382,327,0.0195,2799,50382,218,0.013,51,918,6,0.0196,51,918,1,0.0033,2799,50382,326,0.0194,2799,50382,224,0.0133
CP001779,1560,28080,88,0.0094,1560,28080,78,0.0083,38,684,5,0.0219,38,684,4,0.0175,1560,28080,75,0.008,1560,28080,61,0.0065
CP002786,4624,83232,378,0.0136,4624,83232,409,0.0147,43,774,5,0.0194,43,774,3,0.0116,4624,83232,331,0.0119,4624,83232,374,0.0135
CP003178,7444,133992,956,0.0214,7444,133992,526,0.0118,57,1026,0,0,57,1026,5,0.0146,7444,133992,856,0.0192,7444,133992,536,0.012
CP001145,1541,27738,148,0.016,1541,27738,139,0.015,37,666,2,0.009,37,666,10,0.045,1541,27738,136,0.0147,1541,27738,133,0.0144
CP002339,4445,80010,477,0.0179,4445,80010,236,0.0088,67,1206,2,0.005,67,1206,5,0.0124,4445,80010,445,0.0167,4445,80010,257,0.0096
CP002417,6090,109620,478,0.0131,6090,109620,532,0.0146,63,1134,5,0.0132,63,1134,9,0.0238,6090,109620,491,0.0134,6090,109620,500,0.0137
CP002047,10107,181926,523,0.0086,10107,181926,836,0.0138,53,954,5,0.0157,53,954,5,0.0157,10107,181926,552,0.0091,10107,181926,861,0.0142
CP001684,2854,51372,177,0.0103,2854,51372,218,0.0127,43,774,3,0.0116,43,774,2,0.0078,2854,51372,193,0.0113,2854,51372,216,0.0126
CP006842,3272,58896,325,0.0166,3272,58896,239,0.0122,46,828,1,0.0036,46,828,4,0.0145,3272,58896,289,0.0147,3272,58896,304,0.0155
AP014685,10060,181080,649,0.0108,10060,181080,780,0.0129,40,720,3,0.0125,40,720,3,0.0125,10060,181080,600,0.0099,10060,181080,846,0.014
CP002102,3393,61074,200,0.0098,3393,61074,314,0.0154,40,720,4,0.0167,40,720,4,0.0167,3393,61074,158,0.0078,3393,61074,252,0.0124
CP003590,4665,83970,405,0.0145,4665,83970,337,0.012,48,864,1,0.0035,48,864,5,0.0174,4665,83970,393,0.014,4665,83970,287,0.0103
CP003969,10503,189054,317,0.005,10503,189054,663,0.0105,48,864,5,0.0174,48,864,4,0.0139,10503,189054,371,0.0059,10503,189054,742,0.0118
FO818637,4882,87876,484,0.0165,4882,87876,298,0.0102,101,1818,18,0.0297,101,1818,6,0.0099,4882,87876,488,0.0167,4882,87876,283,0.0097
CP003787,2237,40266,207,0.0154,2237,40266,92,0.0069,39,702,4,0.0171,39,702,6,0.0256,2237,40266,224,0.0167,2237,40266,92,0.0069
CP000282,4067,73206,432,0.0177,4067,73206,281,0.0115,43,774,5,0.0194,43,774,1,0.0039,4067,73206,450,0.0184,4067,73206,289,0.0118
CP003154,4627,83286,329,0.0119,4627,83286,455,0.0164,64,1152,4,0.0104,64,1152,3,0.0078,4627,83286,297,0.0107,4627,83286,477,0.0172
AM942759,3685,66330,356,0.0161,3685,66330,174,0.0079,0,0,0,,0,0,0,,3685,66330,356,0.0161,3685,66330,172,0.0078
CP002084,1774,31932,153,0.0144,1774,31932,129,0.0121,43,774,0,0,43,774,2,0.0078,1774,31932,133,0.0125,1774,31932,132,0.0124
CP002987,3561,64098,235,0.011,3561,64098,192,0.009,61,1098,1,0.0027,61,1098,9,0.0246,3561,64098,251,0.0117,3561,64098,171,0.008
HG322949,5573,100314,506,0.0151,5573,100314,503,0.015,72,1296,1,0.0023,72,1296,3,0.0069,5573,100314,586,0.0175,5573,100314,600,0.0179
CP000685,5137,92466,563,0.0183,5137,92466,227,0.0074,71,1278,9,0.0211,71,1278,1,0.0023,5137,92466,540,0.0175,5137,92466,191,0.0062
CP001997,1972,35496,173,0.0146,1972,35496,121,0.0102,42,756,4,0.0159,42,756,5,0.0198,1972,35496,128,0.0108,1972,35496,129,0.0109
CP000390,4162,74916,260,0.0104,4162,74916,358,0.0143,53,954,1,0.0031,53,954,2,0.0063,4162,74916,227,0.0091,4162,74916,345,0.0138
CP002657,4815,86670,338,0.0117,4815,86670,498,0.0172,69,1242,3,0.0072,69,1242,7,0.0169,4815,86670,344,0.0119,4815,86670,577,0.02
CP003945,3920,70560,397,0.0169,3920,70560,275,0.0117,45,810,6,0.0222,45,810,1,0.0037,3920,70560,356,0.0151,3920,70560,252,0.0107
CP003379,4399,79182,327,0.0124,4399,79182,354,0.0134,42,756,0,0,42,756,2,0.0079,4399,79182,319,0.0121,4399,79182,340,0.0129
CP002991,2794,50292,229,0.0137,2794,50292,135,0.0081,76,1368,5,0.011,76,1368,9,0.0197,2794,50292,207,0.0123,2794,50292,135,0.0081
CP003729,9291,167238,444,0.008,9291,167238,665,0.0119,48,864,3,0.0104,48,864,3,0.0104,9291,167238,449,0.0081,9291,167238,757,0.0136
CP000555,3870,69660,200,0.0086,3870,69660,297,0.0128,37,666,3,0.0135,37,666,7,0.0315,3870,69660,239,0.0103,3870,69660,311,0.0134
CP002568,4383,78894,254,0.0097,4383,78894,311,0.0118,41,738,4,0.0163,41,738,1,0.0041,4383,78894,249,0.0095,4383,78894,357,0.0136
BA000022,3167,57006,251,0.0132,3167,57006,373,0.0196,1,18,0,0,1,18,0,0,3167,57006,258,0.0136,3167,57006,401,0.0211
CP008889,2321,41778,102,0.0073,2321,41778,149,0.0107,56,1008,2,0.006,56,1008,3,0.0089,2321,41778,115,0.0083,2321,41778,152,0.0109
AP012157,3810,68580,330,0.0144,3810,68580,173,0.0076,0,0,0,,0,0,0,,3810,68580,326,0.0143,3810,68580,155,0.0068
CP000386,3281,59058,98,0.005,3281,59058,224,0.0114,52,936,1,0.0032,52,936,3,0.0096,3281,59058,98,0.005,3281,59058,212,0.0108
FP929061,2771,49878,228,0.0137,2771,49878,171,0.0103,0,0,0,,0,0,0,,2771,49878,245,0.0147,2771,49878,165,0.0099
AP006840,3337,60066,168,0.0084,3337,60066,246,0.0123,0,0,0,,0,0,0,,3337,60066,189,0.0094,3337,60066,288,0.0144
CP007044,4883,87894,438,0.0149,4883,87894,434,0.0148,91,1638,9,0.0165,91,1638,10,0.0183,4883,87894,471,0.0161,4883,87894,418,0.0143
CP000781,4847,87246,257,0.0088,4847,87246,465,0.016,43,774,3,0.0116,43,774,4,0.0155,4847,87246,250,0.0086,4847,87246,422,0.0145
AP009384,4717,84906,239,0.0084,4717,84906,411,0.0145,0,0,0,,0,0,0,,4717,84906,212,0.0075,4717,84906,352,0.0124
CP006272,8648,155664,452,0.0087,8648,155664,698,0.0135,63,1134,10,0.0265,63,1134,10,0.0265,8648,155664,457,0.0088,8648,155664,639,0.0123
CP008796,1532,27576,106,0.0115,1532,27576,66,0.0072,38,684,3,0.0132,38,684,3,0.0132,1532,27576,108,0.0117,1532,27576,95,0.0103
CP001108,2388,42984,302,0.0211,2388,42984,155,0.0108,52,936,7,0.0224,52,936,1,0.0032,2388,42984,291,0.0203,2388,42984,178,0.0124
CP001221,3469,62442,262,0.0126,3469,62442,162,0.0078,26,468,0,0,26,468,2,0.0128,3469,62442,282,0.0135,3469,62442,184,0.0088
CP001364,4308,77544,459,0.0178,4308,77544,376,0.0145,52,936,4,0.0128,52,936,7,0.0224,4308,77544,465,0.018,4308,77544,396,0.0153
CP003359,2629,47322,154,0.0098,2629,47322,132,0.0084,77,1386,4,0.0087,77,1386,7,0.0152,2629,47322,146,0.0093,2629,47322,138,0.0087
CP001734,2559,46062,253,0.0165,2559,46062,281,0.0183,47,846,4,0.0142,47,846,4,0.0142,2559,46062,262,0.0171,2559,46062,278,0.0181
CP002548,1157,20826,65,0.0094,1157,20826,44,0.0063,33,594,1,0.0051,33,594,2,0.0101,1157,20826,84,0.0121,1157,20826,27,0.0039
CP003532,2734,49212,197,0.012,2734,49212,187,0.0114,55,990,2,0.0061,55,990,4,0.0121,2734,49212,186,0.0113,2734,49212,205,0.0125
CP000934,3816,68688,396,0.0173,3816,68688,366,0.016,41,738,3,0.0122,41,738,1,0.0041,3816,68688,394,0.0172,3816,68688,358,0.0156
CP000758,2803,50454,237,0.0141,2803,50454,219,0.013,36,648,8,0.037,36,648,2,0.0093,2803,50454,226,0.0134,2803,50454,210,0.0125
CP009129,3171,57078,237,0.0125,3171,57078,152,0.008,63,1134,3,0.0079,63,1134,1,0.0026,3171,57078,263,0.0138,3171,57078,151,0.0079
CP000471,3815,68670,332,0.0145,3815,68670,482,0.0211,47,846,9,0.0319,47,846,2,0.0071,3815,68670,346,0.0151,3815,68670,464,0.0203
CP000922,2956,53208,340,0.0192,2956,53208,170,0.0096,69,1242,18,0.0435,69,1242,9,0.0217,2956,53208,313,0.0176,2956,53208,148,0.0083
CP001630,7179,129222,300,0.007,7179,129222,657,0.0153,73,1314,3,0.0068,73,1314,5,0.0114,7179,129222,262,0.0061,7179,129222,671,0.0156
CP002159,3009,54162,260,0.0144,3009,54162,254,0.0141,59,1062,5,0.0141,59,1062,6,0.0169,3009,54162,279,0.0155,3009,54162,226,0.0125
CP001958,3128,56304,226,0.012,3128,56304,263,0.014,47,846,4,0.0142,47,846,7,0.0248,3128,56304,210,0.0112,3128,56304,233,0.0124
FO203355,5260,94680,507,0.0161,5260,94680,381,0.0121,0,0,0,,0,0,0,,5260,94680,480,0.0152,5260,94680,372,0.0118
CP000975,2524,45432,162,0.0107,2524,45432,179,0.0118,38,684,2,0.0088,38,684,3,0.0132,2524,45432,158,0.0104,2524,45432,206,0.0136
CP009257,4258,76644,359,0.0141,4258,76644,237,0.0093,84,1512,5,0.0099,84,1512,1,0.002,4258,76644,354,0.0139,4258,76644,169,0.0066
CP000830,3634,65412,228,0.0105,3634,65412,327,0.015,33,594,4,0.0202,33,594,6,0.0303,3634,65412,252,0.0116,3634,65412,287,0.0132
CP001722,1883,33894,112,0.0099,1883,33894,98,0.0087,43,774,0,0,43,774,7,0.0271,1883,33894,116,0.0103,1883,33894,107,0.0095
CP000774,3706,66708,246,0.0111,3706,66708,267,0.012,32,576,0,0,32,576,2,0.0104,3706,66708,223,0.01,3706,66708,263,0.0118
CP004388,4227,76086,398,0.0157,4227,76086,296,0.0117,59,1062,6,0.0169,59,1062,3,0.0085,4227,76086,377,0.0149,4227,76086,328,0.0129
CP006566,5125,92250,461,0.015,5125,92250,390,0.0127,84,1512,6,0.0119,84,1512,5,0.0099,5125,92250,434,0.0141,5125,92250,383,0.0125
CP002876,3605,64890,359,0.0166,3605,64890,237,0.011,48,864,3,0.0104,48,864,2,0.0069,3605,64890,360,0.0166,3605,64890,236,0.0109
CP002899,1406,25308,90,0.0107,1406,25308,75,0.0089,48,864,3,0.0104,48,864,11,0.0382,1406,25308,95,0.0113,1406,25308,71,0.0084
CP011132,5220,93960,581,0.0186,5220,93960,392,0.0125,97,1746,13,0.0223,97,1746,4,0.0069,5220,93960,539,0.0172,5220,93960,417,0.0133
CP001098,2436,43848,188,0.0129,2436,43848,143,0.0098,59,1062,9,0.0254,59,1062,6,0.0169,2436,43848,169,0.0116,2436,43848,139,0.0095
CP003949,8052,144936,607,0.0126,8052,144936,553,0.0114,52,936,3,0.0096,52,936,0,0,8052,144936,625,0.0129,8052,144936,548,0.0113
CP003119,5020,90360,372,0.0124,5020,90360,382,0.0127,49,882,5,0.017,49,882,2,0.0068,5020,90360,328,0.0109,5020,90360,358,0.0119
CP003549,6911,124398,655,0.0158,6911,124398,498,0.012,53,954,1,0.0031,53,954,2,0.0063,6911,124398,626,0.0151,6911,124398,549,0.0132
CP001962,2506,45108,75,0.005,2506,45108,349,0.0232,42,756,3,0.0119,42,756,5,0.0198,2506,45108,80,0.0053,2506,45108,317,0.0211
CP000109,2259,40662,244,0.018,2259,40662,132,0.0097,43,774,4,0.0155,43,774,5,0.0194,2259,40662,248,0.0183,2259,40662,148,0.0109
AP012337,4119,74142,389,0.0157,4119,74142,287,0.0116,0,0,0,,0,0,0,,4119,74142,386,0.0156,4119,74142,345,0.014
CP009056,2342,42156,192,0.0137,2342,42156,97,0.0069,56,1008,2,0.006,56,1008,2,0.006,2342,42156,187,0.0133,2342,42156,94,0.0067
CP002026,4563,82134,195,0.0071,4563,82134,335,0.0122,38,684,1,0.0044,38,684,1,0.0044,4563,82134,178,0.0065,4563,82134,321,0.0117
CP000769,4562,82116,104,0.0038,4562,82116,321,0.0117,43,774,2,0.0078,43,774,3,0.0116,4562,82116,120,0.0044,4562,82116,274,0.01
CP002304,2464,44352,128,0.0087,2464,44352,83,0.0056,61,1098,3,0.0082,61,1098,3,0.0082,2464,44352,138,0.0093,2464,44352,81,0.0055
CP003283,2371,42678,232,0.0163,2371,42678,114,0.008,36,648,2,0.0093,36,648,2,0.0093,2371,42678,190,0.0134,2371,42678,94,0.0066
CP000155,6863,123534,600,0.0146,6863,123534,515,0.0125,69,1242,4,0.0097,69,1242,9,0.0217,6863,123534,596,0.0145,6863,123534,538,0.0131
CP003796,1087,19566,110,0.0169,1087,19566,55,0.0084,32,576,2,0.0104,32,576,1,0.0052,1087,19566,90,0.0138,1087,19566,60,0.0092
CP002353,3791,68238,184,0.0081,3791,68238,397,0.0175,46,828,3,0.0109,46,828,6,0.0217,3791,68238,167,0.0073,3791,68238,386,0.017
AM494475,2179,39222,187,0.0143,2179,39222,58,0.0044,329,5922,24,0.0122,329,5922,9,0.0046,2179,39222,169,0.0129,2179,39222,88,0.0067
CP007444,4765,85770,328,0.0115,4765,85770,532,0.0186,47,846,1,0.0035,47,846,2,0.0071,4765,85770,331,0.0116,4765,85770,539,0.0189
CP001713,1146,20628,100,0.0145,1146,20628,54,0.0079,30,540,5,0.0278,30,540,1,0.0056,1146,20628,108,0.0157,1146,20628,56,0.0081
CP002345,3118,56124,348,0.0186,3118,56124,125,0.0067,43,774,0,0,43,774,2,0.0078,3118,56124,398,0.0213,3118,56124,116,0.0062
HG934468,3060,55080,471,0.0257,3060,55080,205,0.0112,36,648,2,0.0093,36,648,3,0.0139,3060,55080,384,0.0209,3060,55080,230,0.0125
CP009159,2341,42138,239,0.017,2341,42138,99,0.007,73,1314,11,0.0251,73,1314,6,0.0137,2341,42138,268,0.0191,2341,42138,88,0.0063
CP000544,2493,44874,117,0.0078,2493,44874,184,0.0123,43,774,7,0.0271,43,774,4,0.0155,2493,44874,123,0.0082,2493,44874,197,0.0132
CP003153,3538,63684,186,0.0088,3538,63684,341,0.0161,51,918,0,0,51,918,3,0.0098,3538,63684,206,0.0097,3538,63684,392,0.0185
CP000285,3405,61290,279,0.0137,3405,61290,300,0.0147,66,1188,5,0.0126,66,1188,6,0.0152,3405,61290,256,0.0125,3405,61290,347,0.017
CP003915,4112,74016,453,0.0184,4112,74016,355,0.0144,42,756,7,0.0278,42,756,4,0.0159,4112,74016,466,0.0189,4112,74016,366,0.0148
CP001928,1977,35586,139,0.0117,1977,35586,112,0.0094,26,468,2,0.0128,26,468,1,0.0064,1977,35586,170,0.0143,1977,35586,121,0.0102
CP006644,5924,106632,282,0.0079,5924,106632,518,0.0146,45,810,1,0.0037,45,810,3,0.0111,5924,106632,260,0.0073,5924,106632,456,0.0128
CP000513,1351,24318,97,0.012,1351,24318,60,0.0074,41,738,3,0.0122,41,738,5,0.0203,1351,24318,120,0.0148,1351,24318,90,0.0111
AM180252,1179,21222,118,0.0167,1179,21222,47,0.0066,0,0,0,,0,0,0,,1179,21222,113,0.016,1179,21222,48,0.0068
AP008971,1631,29358,132,0.0135,1631,29358,67,0.0068,0,0,0,,0,0,0,,1631,29358,119,0.0122,1631,29358,74,0.0076
CP003597,5665,101970,553,0.0163,5665,101970,468,0.0138,48,864,4,0.0139,48,864,4,0.0139,5665,101970,539,0.0159,5665,101970,502,0.0148
CP009460,4274,76932,410,0.016,4274,76932,322,0.0126,88,1584,13,0.0246,88,1584,13,0.0246,4274,76932,498,0.0194,4274,76932,340,0.0133
CP002105,2438,43884,133,0.0091,2438,43884,131,0.009,68,1224,3,0.0074,68,1224,8,0.0196,2438,43884,133,0.0091,2438,43884,135,0.0092
CP001683,3964,71352,283,0.0119,3964,71352,320,0.0135,51,918,3,0.0098,51,918,2,0.0065,3964,71352,255,0.0107,3964,71352,272,0.0114
AP010946,2893,52074,127,0.0073,2893,52074,272,0.0157,0,0,0,,0,0,0,,2893,52074,148,0.0085,2893,52074,298,0.0172
CP009122,4687,84366,274,0.0097,4687,84366,403,0.0143,36,648,2,0.0093,36,648,0,0,4687,84366,259,0.0092,4687,84366,387,0.0138
AE000657,1573,28314,90,0.0095,1573,28314,92,0.0097,37,666,1,0.0045,37,666,2,0.009,1573,28314,80,0.0085,1573,28314,94,0.01
CP002017,3402,61236,203,0.0099,3402,61236,360,0.0176,80,1440,4,0.0083,80,1440,22,0.0458,3402,61236,205,0.01,3402,61236,313,0.0153
CP003313,2354,42372,268,0.019,2354,42372,104,0.0074,61,1098,12,0.0328,61,1098,0,0,2354,42372,269,0.019,2354,42372,111,0.0079
CP001154,3336,60048,301,0.015,3336,60048,299,0.0149,77,1386,9,0.0195,77,1386,6,0.013,3336,60048,265,0.0132,3336,60048,363,0.0181
CP003493,3433,61794,213,0.0103,3433,61794,306,0.0149,57,1026,4,0.0117,57,1026,4,0.0117,3433,61794,229,0.0111,3433,61794,311,0.0151
CP002902,3297,59346,225,0.0114,3297,59346,308,0.0156,55,990,1,0.003,55,990,6,0.0182,3297,59346,229,0.0116,3297,59346,331,0.0167
CP002514,2273,40914,206,0.0151,2273,40914,282,0.0207,32,576,3,0.0156,32,576,0,0,2273,40914,182,0.0133,2273,40914,285,0.0209
AP011615,6627,119286,614,0.0154,6627,119286,643,0.0162,2,36,0,0,2,36,1,0.0833,6627,119286,554,0.0139,6627,119286,580,0.0146
CP002390,1709,30762,182,0.0177,1709,30762,51,0.005,50,900,3,0.01,50,900,6,0.02,1709,30762,151,0.0147,1709,30762,47,0.0046
CP002056,2859,51462,218,0.0127,2859,51462,111,0.0065,55,990,5,0.0152,55,990,1,0.003,2859,51462,252,0.0147,2859,51462,150,0.0087
FO203431,5562,100116,182,0.0055,5562,100116,420,0.0126,57,1026,3,0.0088,57,1026,1,0.0029,5562,100116,211,0.0063,5562,100116,391,0.0117
CP002955,5150,92700,552,0.0179,5150,92700,387,0.0125,40,720,2,0.0083,40,720,5,0.0208,5150,92700,460,0.0149,5150,92700,370,0.012
CP002810,3080,55440,101,0.0055,3080,55440,209,0.0113,54,972,3,0.0093,54,972,1,0.0031,3080,55440,114,0.0062,3080,55440,186,0.0101
AM711867,3008,54144,104,0.0058,3008,54144,188,0.0104,0,0,0,,0,0,0,,3008,54144,113,0.0063,3008,54144,147,0.0081
CP002543,1594,28692,107,0.0112,1594,28692,120,0.0125,41,738,0,0,41,738,3,0.0122,1594,28692,79,0.0083,1594,28692,91,0.0095
CP000509,4755,85590,215,0.0075,4755,85590,396,0.0139,52,936,4,0.0128,52,936,5,0.016,4755,85590,203,0.0071,4755,85590,389,0.0136
FO203503,4375,78750,479,0.0182,4375,78750,269,0.0102,0,0,0,,0,0,0,,4375,78750,445,0.017,4375,78750,247,0.0094
CP003260,2063,37134,161,0.013,2063,37134,110,0.0089,45,810,1,0.0037,45,810,3,0.0111,2063,37134,164,0.0132,2063,37134,117,0.0095
CP003630,6391,115038,579,0.0151,6391,115038,557,0.0145,63,1134,11,0.0291,63,1134,1,0.0026,6391,115038,633,0.0165,6391,115038,521,0.0136
CP001820,1923,34614,191,0.0166,1923,34614,98,0.0085,49,882,4,0.0136,49,882,3,0.0102,1923,34614,166,0.0144,1923,34614,102,0.0088
AP014821,3733,67194,251,0.0112,3733,67194,161,0.0072,31,558,2,0.0108,31,558,1,0.0054,3733,67194,255,0.0114,3733,67194,116,0.0052
CP001965,3050,54900,283,0.0155,3050,54900,270,0.0148,47,846,4,0.0142,47,846,3,0.0106,3050,54900,315,0.0172,3050,54900,231,0.0126
CP003364,7566,136188,423,0.0093,7566,136188,727,0.016,113,2034,3,0.0044,113,2034,5,0.0074,7566,136188,427,0.0094,7566,136188,733,0.0161
CP003558,3762,67716,292,0.0129,3762,67716,348,0.0154,37,666,3,0.0135,37,666,3,0.0135,3762,67716,288,0.0128,3762,67716,356,0.0158
CP003108,5627,101286,415,0.0123,5627,101286,364,0.0108,86,1548,7,0.0136,86,1548,17,0.0329,5627,101286,442,0.0131,5627,101286,357,0.0106
CP002349,3849,69282,348,0.0151,3849,69282,233,0.0101,39,702,3,0.0128,39,702,2,0.0085,3849,69282,326,0.0141,3849,69282,203,0.0088
CP000724,4941,88938,381,0.0129,4941,88938,314,0.0106,120,2160,7,0.0097,120,2160,31,0.0431,4941,88938,417,0.0141,4941,88938,257,0.0087
HF680312,3732,67176,337,0.0151,3732,67176,280,0.0125,769,13842,61,0.0132,769,13842,63,0.0137,3732,67176,322,0.0144,3732,67176,291,0.013
CP009440,2090,37620,176,0.014,2090,37620,66,0.0053,41,738,2,0.0081,41,738,5,0.0203,2090,37620,166,0.0132,2090,37620,75,0.006
CP001230,2023,36414,165,0.0136,2023,36414,127,0.0105,21,378,0,0,21,378,2,0.0159,2023,36414,167,0.0138,2023,36414,102,0.0084
AP011121,2628,47304,298,0.0189,2628,47304,197,0.0125,0,0,0,,0,0,0,,2628,47304,243,0.0154,2628,47304,183,0.0116
CP001322,5361,96498,354,0.011,5361,96498,380,0.0118,49,882,1,0.0034,49,882,2,0.0068,5361,96498,386,0.012,5361,96498,418,0.013
FP929050,3629,65322,400,0.0184,3629,65322,299,0.0137,0,0,0,,0,0,0,,3629,65322,387,0.0178,3629,65322,342,0.0157
CP006664,4224,76032,357,0.0141,4224,76032,304,0.012,95,1710,13,0.0228,95,1710,8,0.014,4224,76032,315,0.0124,4224,76032,355,0.014
CP003466,4470,80460,392,0.0146,4470,80460,455,0.017,42,756,2,0.0079,42,756,2,0.0079,4470,80460,382,0.0142,4470,80460,450,0.0168
CP003870,3040,54720,227,0.0124,3040,54720,136,0.0075,42,756,2,0.0079,42,756,7,0.0278,3040,54720,253,0.0139,3040,54720,141,0.0077
HG938353,4538,81684,301,0.0111,4538,81684,377,0.0138,41,738,2,0.0081,41,738,5,0.0203,4538,81684,291,0.0107,4538,81684,324,0.0119
CP003470,3958,71244,249,0.0105,3958,71244,421,0.0177,50,900,4,0.0133,50,900,7,0.0233,3958,71244,195,0.0082,3958,71244,433,0.0182
CP000749,4598,82764,469,0.017,4598,82764,248,0.009,83,1494,4,0.008,83,1494,7,0.0141,4598,82764,456,0.0165,4598,82764,223,0.0081
CP000319,4100,73800,273,0.0111,4100,73800,309,0.0126,49,882,3,0.0102,49,882,4,0.0136,4100,73800,225,0.0091,4100,73800,334,0.0136
CP002959,4185,75330,299,0.0119,4185,75330,320,0.0127,31,558,1,0.0054,31,558,2,0.0108,4185,75330,267,0.0106,4185,75330,282,0.0112
CP000088,3184,57312,183,0.0096,3184,57312,307,0.0161,54,972,6,0.0185,54,972,6,0.0185,3184,57312,217,0.0114,3184,57312,284,0.0149
CP001699,7400,133200,916,0.0206,7400,133200,460,0.0104,88,1584,10,0.0189,88,1584,4,0.0076,7400,133200,896,0.0202,7400,133200,506,0.0114
CP007034,2614,47052,307,0.0196,2614,47052,136,0.0087,63,1134,7,0.0185,63,1134,1,0.0026,2614,47052,305,0.0194,2614,47052,170,0.0108
CP002666,3864,69552,100,0.0043,3864,69552,247,0.0107,51,918,5,0.0163,51,918,4,0.0131,3864,69552,135,0.0058,3864,69552,229,0.0099
AP012035,3449,62082,169,0.0082,3449,62082,250,0.0121,0,0,0,,0,0,0,,3449,62082,173,0.0084,3449,62082,272,0.0131
CP009495,6791,122238,488,0.012,6791,122238,535,0.0131,49,882,1,0.0034,49,882,3,0.0102,6791,122238,435,0.0107,6791,122238,495,0.0121
CP007035,4184,75312,503,0.02,4184,75312,218,0.0087,32,576,3,0.0156,32,576,2,0.0104,4184,75312,420,0.0167,4184,75312,246,0.0098
CP002667,2581,46458,270,0.0174,2581,46458,126,0.0081,61,1098,9,0.0246,61,1098,1,0.0027,2581,46458,250,0.0161,2581,46458,131,0.0085
CP003563,6222,111996,463,0.0124,6222,111996,502,0.0134,41,738,3,0.0122,41,738,4,0.0163,6222,111996,395,0.0106,6222,111996,506,0.0136
AM236080,4733,85194,329,0.0116,4733,85194,374,0.0132,1,18,0,0,1,18,0,0,4733,85194,339,0.0119,4733,85194,346,0.0122
CP004025,8128,146304,444,0.0091,8128,146304,793,0.0163,65,1170,8,0.0205,65,1170,6,0.0154,8128,146304,478,0.0098,8128,146304,745,0.0153
CP000089,4283,77094,314,0.0122,4283,77094,412,0.016,60,1080,2,0.0056,60,1080,1,0.0028,4283,77094,312,0.0121,4283,77094,433,0.0168
CP010820,4768,85824,468,0.0164,4768,85824,237,0.0083,103,1854,10,0.0162,103,1854,20,0.0324,4768,85824,417,0.0146,4768,85824,236,0.0082
CP009302,1475,26550,64,0.0072,1475,26550,103,0.0116,44,792,3,0.0114,44,792,3,0.0114,1475,26550,72,0.0081,1475,26550,93,0.0105
CP000820,7377,132786,374,0.0084,7377,132786,615,0.0139,48,864,3,0.0104,48,864,6,0.0208,7377,132786,369,0.0083,7377,132786,569,0.0129
CP002630,2310,41580,96,0.0069,2310,41580,229,0.0165,55,990,2,0.0061,55,990,6,0.0182,2310,41580,92,0.0066,2310,41580,230,0.0166
CP007062,2478,44604,156,0.0105,2478,44604,87,0.0059,48,864,3,0.0104,48,864,5,0.0174,2478,44604,125,0.0084,2478,44604,95,0.0064
CP000031,3923,70614,274,0.0116,3923,70614,301,0.0128,34,612,0,0,34,612,3,0.0147,3923,70614,300,0.0127,3923,70614,318,0.0135
FP929047,2025,36450,87,0.0072,2025,36450,138,0.0114,0,0,0,,0,0,0,,2025,36450,87,0.0072,2025,36450,134,0.011
CP003488,4194,75492,414,0.0165,4194,75492,232,0.0092,79,1422,3,0.0063,79,1422,4,0.0084,4194,75492,412,0.0164,4194,75492,232,0.0092
CP004121,5831,104958,448,0.0128,5831,104958,215,0.0061,86,1548,7,0.0136,86,1548,10,0.0194,5831,104958,398,0.0114,5831,104958,201,0.0057
AP009510,761,13698,80,0.0175,761,13698,44,0.0096,0,0,0,,0,0,0,,761,13698,72,0.0158,761,13698,32,0.007
CP002364,3408,61344,342,0.0167,3408,61344,335,0.0164,47,846,3,0.0106,47,846,3,0.0106,3408,61344,322,0.0157,3408,61344,354,0.0173
FR872582,2380,42840,195,0.0137,2380,42840,125,0.0088,0,0,0,,0,0,0,,2380,42840,159,0.0111,2380,42840,124,0.0087
BA000012,6752,121536,468,0.0116,6752,121536,582,0.0144,0,0,0,,0,0,0,,6752,121536,446,0.011,6752,121536,586,0.0145
CP003349,4490,80820,502,0.0186,4490,80820,231,0.0086,50,900,5,0.0167,50,900,6,0.02,4490,80820,459,0.017,4490,80820,252,0.0094
CU207211,3352,60336,301,0.015,3352,60336,272,0.0135,43,774,3,0.0116,43,774,2,0.0078,3352,60336,318,0.0158,3352,60336,288,0.0143
CP009416,3803,68454,347,0.0152,3803,68454,195,0.0085,78,1404,6,0.0128,78,1404,8,0.0171,3803,68454,353,0.0155,3803,68454,171,0.0075
CP000267,4304,77472,369,0.0143,4304,77472,485,0.0188,49,882,5,0.017,49,882,4,0.0136,4304,77472,411,0.0159,4304,77472,476,0.0184
HG315671,3518,63324,418,0.0198,3518,63324,141,0.0067,0,0,0,,0,0,0,,3518,63324,446,0.0211,3518,63324,153,0.0072
AE016825,4529,81522,351,0.0129,4529,81522,429,0.0158,94,1692,3,0.0053,94,1692,10,0.0177,4529,81522,349,0.0128,4529,81522,472,0.0174
AP014565,4947,89046,514,0.0173,4947,89046,375,0.0126,0,0,0,,0,0,0,,4947,89046,512,0.0172,4947,89046,385,0.013
CP001071,2240,40320,213,0.0158,2240,40320,186,0.0138,45,810,2,0.0074,45,810,4,0.0148,2240,40320,178,0.0132,2240,40320,196,0.0146
CP001708,1803,32454,103,0.0095,1803,32454,89,0.0082,53,954,1,0.0031,53,954,4,0.0126,1803,32454,96,0.0089,1803,32454,71,0.0066
CP001821,3443,61974,110,0.0053,3443,61974,328,0.0159,58,1044,1,0.0029,58,1044,4,0.0115,3443,61974,133,0.0064,3443,61974,274,0.0133
CP000733,2303,41454,185,0.0134,2303,41454,173,0.0125,38,684,6,0.0263,38,684,4,0.0175,2303,41454,174,0.0126,2303,41454,133,0.0096
CP002831,4267,76806,400,0.0156,4267,76806,360,0.0141,43,774,8,0.031,43,774,1,0.0039,4267,76806,435,0.017,4267,76806,375,0.0146
AP012331,2572,46296,228,0.0148,2572,46296,200,0.013,0,0,0,,0,0,0,,2572,46296,213,0.0138,2572,46296,242,0.0157
FO082060,4083,73494,379,0.0155,4083,73494,281,0.0115,53,954,3,0.0094,53,954,0,0,4083,73494,390,0.0159,4083,73494,298,0.0122
BA000028,3496,62928,277,0.0132,3496,62928,180,0.0086,0,0,0,,0,0,0,,3496,62928,293,0.014,3496,62928,132,0.0063
CP003236,3611,64998,168,0.0078,3611,64998,257,0.0119,31,558,4,0.0215,31,558,0,0,3611,64998,180,0.0083,3611,64998,267,0.0123
CP000158,3568,64224,249,0.0116,3568,64224,293,0.0137,34,612,5,0.0245,34,612,1,0.0049,3568,64224,237,0.0111,3568,64224,277,0.0129
CP003646,4929,88722,526,0.0178,4929,88722,307,0.0104,49,882,3,0.0102,49,882,0,0,4929,88722,489,0.0165,4929,88722,322,0.0109
CP002542,4131,74358,422,0.017,4131,74358,191,0.0077,43,774,3,0.0116,43,774,1,0.0039,4131,74358,422,0.017,4131,74358,222,0.009
CP011047,4485,80730,417,0.0155,4485,80730,333,0.0124,80,1440,10,0.0208,80,1440,8,0.0167,4485,80730,425,0.0158,4485,80730,332,0.0123
CP001801,2465,44370,197,0.0133,2465,44370,204,0.0138,50,900,3,0.01,50,900,6,0.02,2465,44370,249,0.0168,2465,44370,209,0.0141
AP014800,4354,78372,244,0.0093,4354,78372,361,0.0138,36,648,6,0.0278,36,648,2,0.0093,4354,78372,226,0.0087,4354,78372,321,0.0123
FP476056,4738,85284,526,0.0185,4738,85284,379,0.0133,0,0,0,,0,0,0,,4738,85284,480,0.0169,4738,85284,346,0.0122
CP007202,2860,51480,307,0.0179,2860,51480,137,0.008,35,630,8,0.0381,35,630,0,0,2860,51480,334,0.0195,2860,51480,118,0.0069
CP000482,3685,66330,314,0.0142,3685,66330,325,0.0147,50,900,1,0.0033,50,900,6,0.02,3685,66330,359,0.0162,3685,66330,315,0.0142
CP001769,6701,120618,812,0.0202,6701,120618,647,0.0161,48,864,4,0.0139,48,864,6,0.0208,6701,120618,777,0.0193,6701,120618,617,0.0153
AM420293,7198,129564,300,0.0069,7198,129564,573,0.0133,2,36,0,0,2,36,1,0.0833,7198,129564,355,0.0082,7198,129564,580,0.0134
CP005383,2858,51444,313,0.0183,2858,51444,161,0.0094,76,1368,14,0.0307,76,1368,3,0.0066,2858,51444,316,0.0184,2858,51444,138,0.008
CP003607,6001,108018,499,0.0139,6001,108018,567,0.0157,65,1170,11,0.0282,65,1170,7,0.0179,6001,108018,522,0.0145,6001,108018,576,0.016
CP003257,2117,38106,176,0.0139,2117,38106,121,0.0095,45,810,1,0.0037,45,810,7,0.0259,2117,38106,129,0.0102,2117,38106,106,0.0083
CP003742,4862,87516,392,0.0134,4862,87516,458,0.0157,33,594,5,0.0253,33,594,2,0.0101,4862,87516,454,0.0156,4862,87516,473,0.0162
CP003191,3207,57726,452,0.0235,3207,57726,173,0.009,38,684,4,0.0175,38,684,3,0.0132,3207,57726,411,0.0214,3207,57726,203,0.0105
CP001397,3666,65988,363,0.0165,3666,65988,193,0.0088,33,594,3,0.0152,33,594,3,0.0152,3666,65988,366,0.0166,3666,65988,208,0.0095
AM260479,3650,65700,249,0.0114,3650,65700,392,0.0179,0,0,0,,0,0,0,,3650,65700,298,0.0136,3650,65700,420,0.0192
CP001682,1422,25596,116,0.0136,1422,25596,76,0.0089,44,792,2,0.0076,44,792,0,0,1422,25596,123,0.0144,1422,25596,95,0.0111
CP003345,4089,73602,484,0.0197,4089,73602,167,0.0068,48,864,4,0.0139,48,864,1,0.0035,4089,73602,485,0.0198,4089,73602,141,0.0057
CR522870,3118,56124,292,0.0156,3118,56124,223,0.0119,0,0,0,,0,0,0,,3118,56124,300,0.016,3118,56124,251,0.0134
CP002738,4673,84114,466,0.0166,4673,84114,361,0.0129,56,1008,4,0.0119,56,1008,3,0.0089,4673,84114,469,0.0167,4673,84114,351,0.0125
CP001616,3292,59256,349,0.0177,3292,59256,192,0.0097,103,1854,9,0.0146,103,1854,8,0.0129,3292,59256,319,0.0162,3292,59256,201,0.0102
CP000284,2814,50652,261,0.0155,2814,50652,264,0.0156,48,864,6,0.0208,48,864,5,0.0174,2814,50652,237,0.014,2814,50652,282,0.0167
CP002606,1780,32040,133,0.0125,1780,32040,118,0.011,46,828,3,0.0109,46,828,7,0.0254,1780,32040,112,0.0105,1780,32040,101,0.0095
CP008876,3253,58554,300,0.0154,3253,58554,186,0.0095,66,1188,4,0.0101,66,1188,3,0.0076,3253,58554,289,0.0148,3253,58554,203,0.0104
CP009621,4643,83574,585,0.021,4643,83574,319,0.0115,70,1260,6,0.0143,70,1260,13,0.031,4643,83574,610,0.0219,4643,83574,302,0.0108
AP014569,2389,43002,184,0.0128,2389,43002,294,0.0205,0,0,0,,0,0,0,,2389,43002,168,0.0117,2389,43002,313,0.0218
CP002344,2435,43830,62,0.0042,2435,43830,220,0.0151,42,756,2,0.0079,42,756,6,0.0238,2435,43830,62,0.0042,2435,43830,230,0.0157
CP003943,6250,112500,624,0.0166,6250,112500,487,0.013,63,1134,6,0.0159,63,1134,6,0.0159,6250,112500,677,0.0181,6250,112500,542,0.0145
CP000103,2828,50904,215,0.0127,2828,50904,192,0.0113,38,684,4,0.0175,38,684,3,0.0132,2828,50904,213,0.0126,2828,50904,229,0.0135
CP001712,3259,58662,270,0.0138,3259,58662,322,0.0165,35,630,2,0.0095,35,630,2,0.0095,3259,58662,322,0.0165,3259,58662,314,0.0161
CP003390,3096,55728,320,0.0172,3096,55728,226,0.0122,43,774,2,0.0078,43,774,4,0.0155,3096,55728,274,0.0148,3096,55728,248,0.0134
CP007445,2869,51642,283,0.0164,2869,51642,107,0.0062,52,936,8,0.0256,52,936,0,0,2869,51642,253,0.0147,2869,51642,105,0.0061
CP001968,3073,55314,307,0.0167,3073,55314,156,0.0085,49,882,4,0.0136,49,882,5,0.017,3073,55314,297,0.0161,3073,55314,132,0.0072
CP003778,4746,85428,295,0.0104,4746,85428,544,0.0191,46,828,2,0.0072,46,828,1,0.0036,4746,85428,310,0.0109,4746,85428,535,0.0188
CP002305,3666,65988,385,0.0175,3666,65988,247,0.0112,40,720,0,0,40,720,6,0.025,3666,65988,341,0.0155,3666,65988,222,0.0101
CP001196,3782,68076,209,0.0092,3782,68076,283,0.0125,42,756,1,0.004,42,756,5,0.0198,3782,68076,251,0.0111,3782,68076,289,0.0127
CP002916,1577,28386,132,0.014,1577,28386,152,0.0161,36,648,6,0.0278,36,648,4,0.0185,1577,28386,130,0.0137,1577,28386,131,0.0138
AE009439,1729,31122,78,0.0075,1729,31122,137,0.0132,20,360,1,0.0083,20,360,1,0.0083,1729,31122,78,0.0075,1729,31122,140,0.0135
CP003167,2924,52632,259,0.0148,2924,52632,236,0.0135,33,594,1,0.0051,33,594,4,0.0202,2924,52632,252,0.0144,2924,52632,221,0.0126
CP006670,2575,46350,149,0.0096,2575,46350,173,0.0112,23,414,1,0.0072,23,414,2,0.0145,2575,46350,141,0.0091,2575,46350,176,0.0114
CP002737,1843,33174,132,0.0119,1843,33174,95,0.0086,25,450,1,0.0067,25,450,6,0.04,1843,33174,133,0.012,1843,33174,116,0.0105
BA000011,1526,27468,147,0.0161,1526,27468,110,0.012,0,0,0,,0,0,0,,1526,27468,115,0.0126,1526,27468,97,0.0106
CP002062,3083,55494,202,0.0109,3083,55494,238,0.0129,35,630,2,0.0095,35,630,3,0.0143,3083,55494,176,0.0095,3083,55494,189,0.0102
AE017261,1535,27630,138,0.015,1535,27630,90,0.0098,0,0,0,,0,0,0,,1535,27630,106,0.0115,1535,27630,77,0.0084
CP007060,3052,54936,201,0.011,3052,54936,355,0.0194,35,630,1,0.0048,35,630,1,0.0048,3052,54936,166,0.0091,3052,54936,215,0.0117
CP009479,2004,36072,181,0.0151,2004,36072,158,0.0131,29,522,1,0.0057,29,522,4,0.023,2004,36072,151,0.0126,2004,36072,154,0.0128
CP000300,2500,45000,252,0.0168,2500,45000,179,0.0119,48,864,9,0.0312,48,864,5,0.0174,2500,45000,248,0.0165,2500,45000,173,0.0115
CP002278,1352,24336,116,0.0143,1352,24336,91,0.0112,31,558,2,0.0108,31,558,5,0.0269,1352,24336,93,0.0115,1352,24336,69,0.0085
CP003423,1439,25902,111,0.0129,1439,25902,70,0.0081,27,486,2,0.0123,27,486,2,0.0123,1439,25902,96,0.0111,1439,25902,62,0.0072
CP003531,1466,26388,130,0.0148,1466,26388,99,0.0113,33,594,2,0.0101,33,594,2,0.0101,1466,26388,115,0.0131,1466,26388,114,0.013
CP003321,1522,27396,135,0.0148,1522,27396,110,0.012,41,738,2,0.0081,41,738,1,0.0041,1522,27396,121,0.0133,1522,27396,95,0.0104
CP002117,2881,51858,218,0.0126,2881,51858,159,0.0092,37,666,1,0.0045,37,666,0,0,2881,51858,176,0.0102,2881,51858,166,0.0096
CP001941,1587,28566,108,0.0113,1587,28566,110,0.0116,29,522,0,0,29,522,3,0.0172,1587,28566,83,0.0087,1587,28566,107,0.0112
CP000254,3304,59472,279,0.0141,3304,59472,239,0.0121,43,774,1,0.0039,43,774,3,0.0116,3304,59472,279,0.0141,3304,59472,208,0.0105
CP002551,2584,46512,165,0.0106,2584,46512,131,0.0084,38,684,3,0.0132,38,684,3,0.0132,2584,46512,170,0.011,2584,46512,128,0.0083
CP002101,2086,37548,192,0.0153,2086,37548,110,0.0088,40,720,4,0.0167,40,720,3,0.0125,2086,37548,202,0.0161,2086,37548,121,0.0097
CP001687,3077,55386,276,0.0149,3077,55386,317,0.0172,36,648,5,0.0231,36,648,1,0.0046,3077,55386,255,0.0138,3077,55386,286,0.0155
CP001994,2095,37710,204,0.0162,2095,37710,151,0.012,48,864,4,0.0139,48,864,3,0.0104,2095,37710,202,0.0161,2095,37710,140,0.0111
CP004145,2001,36018,184,0.0153,2001,36018,138,0.0115,33,594,8,0.0404,33,594,3,0.0152,2001,36018,139,0.0116,2001,36018,123,0.0102
CP002838,2038,36684,153,0.0125,2038,36684,151,0.0123,37,666,0,0,37,666,0,0,2038,36684,122,0.01,2038,36684,154,0.0126
CP000852,2045,36810,137,0.0112,2045,36810,193,0.0157,35,630,5,0.0238,35,630,3,0.0143,2045,36810,101,0.0082,2045,36810,152,0.0124
AE006641,3050,54900,278,0.0152,3050,54900,155,0.0085,37,666,2,0.009,37,666,1,0.0045,3050,54900,186,0.0102,3050,54900,165,0.009
CP002839,3685,66330,232,0.0105,3685,66330,258,0.0117,41,738,1,0.0041,41,738,3,0.0122,3685,66330,186,0.0084,3685,66330,219,0.0099
CP002069,2318,41724,198,0.0142,2318,41724,138,0.0099,41,738,3,0.0122,41,738,6,0.0244,2318,41724,229,0.0165,2318,41724,117,0.0084
CP001868,3018,54324,269,0.0149,3018,54324,286,0.0158,37,666,4,0.018,37,666,6,0.027,3018,54324,250,0.0138,3018,54324,250,0.0138
CP002100,2593,46674,188,0.0121,2593,46674,223,0.0143,33,594,3,0.0152,33,594,3,0.0152,2593,46674,162,0.0104,2593,46674,227,0.0146
CP001901,1879,33822,118,0.0105,1879,33822,104,0.0092,30,540,3,0.0167,30,540,4,0.0222,1879,33822,108,0.0096,1879,33822,103,0.0091
CP002792,1662,29916,94,0.0094,1662,29916,45,0.0045,31,558,1,0.0054,31,558,0,0,1662,29916,76,0.0076,1662,29916,38,0.0038
CP001690,2966,53388,249,0.014,2966,53388,241,0.0135,35,630,3,0.0143,35,630,0,0,2966,53388,236,0.0133,2966,53388,168,0.0094
CP003377,3835,69030,314,0.0136,3835,69030,355,0.0154,49,882,5,0.017,49,882,6,0.0204,3835,69030,271,0.0118,3835,69030,273,0.0119
CP007174,3548,63864,422,0.0198,3548,63864,236,0.0111,22,396,1,0.0076,22,396,2,0.0152,3548,63864,387,0.0182,3548,63864,255,0.012
CP002565,2906,52308,165,0.0095,2906,52308,248,0.0142,30,540,3,0.0167,30,540,1,0.0056,2906,52308,148,0.0085,2906,52308,261,0.015
CP001719,2283,41094,116,0.0085,2283,41094,96,0.007,37,666,0,0,37,666,2,0.009,2283,41094,112,0.0082,2283,41094,84,0.0061
CP003362,2460,44280,256,0.0173,2460,44280,179,0.0121,30,540,2,0.0111,30,540,5,0.0278,2460,44280,262,0.0178,2460,44280,145,0.0098
AE010299,4662,83916,360,0.0129,4662,83916,258,0.0092,11,198,3,0.0455,11,198,1,0.0152,4662,83916,362,0.0129,4662,83916,283,0.0101
CP000866,1840,33120,189,0.0171,1840,33120,101,0.0091,28,504,1,0.006,28,504,1,0.006,1840,33120,179,0.0162,1840,33120,90,0.0082
CP001365,2802,50436,172,0.0102,2802,50436,216,0.0128,42,756,5,0.0198,42,756,1,0.004,2802,50436,132,0.0079,2802,50436,148,0.0088
CP001742,1551,27918,89,0.0096,1551,27918,127,0.0136,30,540,0,0,30,540,2,0.0111,1551,27918,104,0.0112,1551,27918,142,0.0153
CP003378,1576,28368,104,0.011,1576,28368,75,0.0079,42,756,1,0.004,42,756,3,0.0119,1576,28368,95,0.01,1576,28368,69,0.0073
CP002590,2229,40122,141,0.0105,2229,40122,195,0.0146,28,504,3,0.0179,28,504,0,0,2229,40122,98,0.0073,2229,40122,159,0.0119
HE613800,1891,34038,106,0.0093,1891,34038,120,0.0106,0,0,0,,0,0,0,,1891,34038,73,0.0064,1891,34038,138,0.0122
CP000493,1672,30096,105,0.0105,1672,30096,119,0.0119,32,576,3,0.0156,32,576,3,0.0156,1672,30096,126,0.0126,1672,30096,128,0.0128
CP003929,4076,73368,266,0.0109,4076,73368,343,0.014,45,810,5,0.0185,45,810,4,0.0148,4076,73368,226,0.0092,4076,73368,270,0.011
CP002051,1716,30888,128,0.0124,1716,30888,85,0.0083,48,864,3,0.0104,48,864,2,0.0069,1716,30888,128,0.0124,1716,30888,82,0.008
CP003050,3187,57366,231,0.0121,3187,57366,334,0.0175,32,576,0,0,32,576,1,0.0052,3187,57366,215,0.0112,3187,57366,294,0.0154
CP001939,1457,26226,102,0.0117,1457,26226,107,0.0122,33,594,0,0,33,594,0,0,1457,26226,99,0.0113,1457,26226,92,0.0105
BA000002,1700,30600,97,0.0095,1700,30600,162,0.0159,0,0,0,,0,0,0,,1700,30600,113,0.0111,1700,30600,130,0.0127
CP001688,3277,58986,302,0.0154,3277,58986,323,0.0164,54,972,5,0.0154,54,972,3,0.0093,3277,58986,222,0.0113,3277,58986,271,0.0138
CP000559,1819,32742,173,0.0159,1819,32742,137,0.0126,35,630,7,0.0333,35,630,1,0.0048,1819,32742,146,0.0134,1819,32742,121,0.0111
AE000666,1916,34488,169,0.0147,1916,34488,176,0.0153,27,486,3,0.0185,27,486,3,0.0185,1916,34488,154,0.0134,1916,34488,188,0.0164
CP000505,1879,33822,103,0.0091,1879,33822,127,0.0113,33,594,3,0.0152,33,594,2,0.0101,1879,33822,90,0.008,1879,33822,111,0.0098
CP000102,1588,28584,120,0.0126,1588,28584,42,0.0044,26,468,1,0.0064,26,468,1,0.0064,1588,28584,90,0.0094,1588,28584,43,0.0045
CP000682,2341,42138,186,0.0132,2341,42138,197,0.014,27,486,3,0.0185,27,486,1,0.0062,2341,42138,177,0.0126,2341,42138,193,0.0137
AM114193,3085,55530,216,0.0117,3085,55530,225,0.0122,0,0,0,,0,0,0,,3085,55530,240,0.013,3085,55530,247,0.0133
CP007055,2999,53982,252,0.014,2999,53982,305,0.017,35,630,2,0.0095,35,630,2,0.0095,2999,53982,206,0.0114,2999,53982,224,0.0124
CP010529,3413,61434,401,0.0196,3413,61434,385,0.0188,36,648,1,0.0046,36,648,1,0.0046,3413,61434,303,0.0148,3413,61434,281,0.0137
CP001338,2866,51588,227,0.0132,2866,51588,278,0.0162,68,1224,3,0.0074,68,1224,8,0.0196,2866,51588,215,0.0125,2866,51588,276,0.0161
HF582854,2883,51894,239,0.0138,2883,51894,238,0.0138,8,144,0,0,8,144,0,0,2883,51894,191,0.011,2883,51894,197,0.0114
CP006577,2657,47826,204,0.0128,2657,47826,220,0.0138,40,720,5,0.0208,40,720,6,0.025,2657,47826,138,0.0087,2657,47826,217,0.0136
CP001932,3658,65844,417,0.019,3658,65844,414,0.0189,43,774,5,0.0194,43,774,3,0.0116,3658,65844,406,0.0185,3658,65844,369,0.0168
CP003372,3880,69840,244,0.0105,3880,69840,331,0.0142,39,702,2,0.0085,39,702,1,0.0043,3880,69840,198,0.0085,3880,69840,241,0.0104
CP009552,2274,40932,201,0.0147,2274,40932,206,0.0151,32,576,4,0.0208,32,576,6,0.0312,2274,40932,149,0.0109,2274,40932,169,0.0124
FR746099,2907,52326,337,0.0193,2907,52326,181,0.0104,41,738,1,0.0041,41,738,2,0.0081,2907,52326,332,0.019,2907,52326,188,0.0108
CP006019,2046,36828,114,0.0093,2046,36828,116,0.0094,26,468,2,0.0128,26,468,1,0.0064,2046,36828,116,0.0094,2046,36828,152,0.0124
CP003098,2891,52038,259,0.0149,2891,52038,247,0.0142,21,378,3,0.0238,21,378,0,0,2891,52038,232,0.0134,2891,52038,265,0.0153
HE964772,2628,47304,171,0.0108,2628,47304,284,0.018,33,594,8,0.0404,33,594,6,0.0303,2628,47304,189,0.012,2628,47304,227,0.0144
CP007536,3187,57366,328,0.0172,3187,57366,254,0.0133,27,486,4,0.0247,27,486,1,0.0062,3187,57366,282,0.0147,3187,57366,199,0.0104
CP001860,3842,69156,227,0.0098,3842,69156,297,0.0129,45,810,2,0.0074,45,810,1,0.0037,3842,69156,186,0.0081,3842,69156,214,0.0093
CP002098,2039,36702,194,0.0159,2039,36702,103,0.0084,41,738,7,0.0285,41,738,1,0.0041,2039,36702,191,0.0156,2039,36702,92,0.0075
CP001899,2622,47196,159,0.0101,2622,47196,152,0.0097,42,756,4,0.0159,42,756,2,0.0079,2622,47196,147,0.0093,2622,47196,137,0.0087
CP002535,2424,43632,178,0.0122,2424,43632,89,0.0061,46,828,3,0.0109,46,828,6,0.0217,2424,43632,151,0.0104,2424,43632,118,0.0081
CP002057,1768,31824,92,0.0087,1768,31824,33,0.0031,29,522,2,0.0115,29,522,0,0,1768,31824,93,0.0088,1768,31824,44,0.0041
CP003083,3229,58122,337,0.0174,3229,58122,200,0.0103,38,684,5,0.0219,38,684,3,0.0132,3229,58122,330,0.017,3229,58122,211,0.0109
CP000816,1492,26856,65,0.0073,1492,26856,114,0.0127,36,648,2,0.0093,36,648,4,0.0185,1492,26856,63,0.007,1492,26856,88,0.0098
CP003685,2113,38034,120,0.0095,2113,38034,150,0.0118,21,378,0,0,21,378,0,0,2113,38034,131,0.0103,2113,38034,159,0.0125